method,missing_mode,missing_rate,repeat,rmse
01_均值填充,MCAR,0.1,1,0.519380235921965
02_中位数填充,MCAR,0.1,1,0.5195941454704843
03_KNN填充_k3,MCAR,0.1,1,0.5205577692636156
04_KNN填充_k5,MCAR,0.1,1,0.4635610453787594
05_线性回归,MCAR,0.1,1,0.49160178610206856
06_岭回归,MCAR,0.1,1,0.49188666929931135
07_Lasso,MCAR,0.1,1,0.5063669763330687
08_ElasticNet,MCAR,0.1,1,0.4988104365821896
09_贝叶斯岭回归,MCAR,0.1,1,0.4964001325154005
10_决策树,MCAR,0.1,1,0.5064491584626121
11_随机森林,MCAR,0.1,1,0.5647968224754413
12_极端随机树,MCAR,0.1,1,0.593241977394228
13_GradientBoosting,MCAR,0.1,1,0.5516161331282259
14_AdaBoost,MCAR,0.1,1,0.5463003713073987
15_SVR_rbf,MCAR,0.1,1,0.5058451256305964
16_KNN回归_k3,MCAR,0.1,1,0.5557223238594869
17_KNN回归_k5,MCAR,0.1,1,0.5718732534707562
18_MLP神经网络,MCAR,0.1,1,0.5351433272470723
19_迭代插补_贝叶斯,MCAR,0.1,1,0.5168204903533207
20_迭代插补_随机树,MCAR,0.1,1,0.6070294827525393
01_均值填充,MCAR,0.1,2,0.5918352769967156
02_中位数填充,MCAR,0.1,2,0.5819870127810717
03_KNN填充_k3,MCAR,0.1,2,0.5493632494284261
04_KNN填充_k5,MCAR,0.1,2,0.576906850450242
05_线性回归,MCAR,0.1,2,0.557415510884491
06_岭回归,MCAR,0.1,2,0.557803883944953
07_Lasso,MCAR,0.1,2,0.5783255692679037
08_ElasticNet,MCAR,0.1,2,0.5682034987768408
09_贝叶斯岭回归,MCAR,0.1,2,0.5647829441002749
10_决策树,MCAR,0.1,2,0.3400417995342218
11_随机森林,MCAR,0.1,2,0.42433262663906074
12_极端随机树,MCAR,0.1,2,0.4419137638578788
13_GradientBoosting,MCAR,0.1,2,0.3814818001275641
14_AdaBoost,MCAR,0.1,2,0.4304842246594747
15_SVR_rbf,MCAR,0.1,2,0.5537482795938202
16_KNN回归_k3,MCAR,0.1,2,0.6499898120856896
17_KNN回归_k5,MCAR,0.1,2,0.5586587090555364
18_MLP神经网络,MCAR,0.1,2,0.5563218963793747
19_迭代插补_贝叶斯,MCAR,0.1,2,0.5581221233122472
20_迭代插补_随机树,MCAR,0.1,2,0.42989790552117413
01_均值填充,MCAR,0.1,3,0.4761915767907948
02_中位数填充,MCAR,0.1,3,0.4721146752469149
03_KNN填充_k3,MCAR,0.1,3,0.5791816104614499
04_KNN填充_k5,MCAR,0.1,3,0.49869059801586924
05_线性回归,MCAR,0.1,3,0.4420958208860478
06_岭回归,MCAR,0.1,3,0.44271905289130936
07_Lasso,MCAR,0.1,3,0.4613380763388945
08_ElasticNet,MCAR,0.1,3,0.4521797444678169
09_贝叶斯岭回归,MCAR,0.1,3,0.452306045149029
10_决策树,MCAR,0.1,3,0.4665939437080784
11_随机森林,MCAR,0.1,3,0.4553554302601868
12_极端随机树,MCAR,0.1,3,0.44235294749055043
13_GradientBoosting,MCAR,0.1,3,0.49681825095573495
14_AdaBoost,MCAR,0.1,3,0.3849759283712786
15_SVR_rbf,MCAR,0.1,3,0.38960397198239927
16_KNN回归_k3,MCAR,0.1,3,0.5358770416225951
17_KNN回归_k5,MCAR,0.1,3,0.4878542610355391
18_MLP神经网络,MCAR,0.1,3,0.437955010370698
19_迭代插补_贝叶斯,MCAR,0.1,3,0.4587804475497804
20_迭代插补_随机树,MCAR,0.1,3,0.46986979179590016
01_均值填充,MCAR,0.1,4,0.3636633168004138
02_中位数填充,MCAR,0.1,4,0.35911545682208784
03_KNN填充_k3,MCAR,0.1,4,0.3205151814956383
04_KNN填充_k5,MCAR,0.1,4,0.3055944886132199
05_线性回归,MCAR,0.1,4,0.26499349373803716
06_岭回归,MCAR,0.1,4,0.2661064228531594
07_Lasso,MCAR,0.1,4,0.33326547470585693
08_ElasticNet,MCAR,0.1,4,0.30079684715300414
09_贝叶斯岭回归,MCAR,0.1,4,0.2893691460212892
10_决策树,MCAR,0.1,4,0.4320225779145688
11_随机森林,MCAR,0.1,4,0.2771118506573913
12_极端随机树,MCAR,0.1,4,0.33564611176413844
13_GradientBoosting,MCAR,0.1,4,0.32866186932394054
14_AdaBoost,MCAR,0.1,4,0.28027568193273994
15_SVR_rbf,MCAR,0.1,4,0.2989710201732608
16_KNN回归_k3,MCAR,0.1,4,0.2714954313057809
17_KNN回归_k5,MCAR,0.1,4,0.1727952575512737
18_MLP神经网络,MCAR,0.1,4,0.24243822689670996
19_迭代插补_贝叶斯,MCAR,0.1,4,0.294349325470095
20_迭代插补_随机树,MCAR,0.1,4,0.3787860475096076
01_均值填充,MCAR,0.1,5,0.5471149588252868
02_中位数填充,MCAR,0.1,5,0.5374786608125368
03_KNN填充_k3,MCAR,0.1,5,0.5612031991538365
04_KNN填充_k5,MCAR,0.1,5,0.5249602033105775
05_线性回归,MCAR,0.1,5,0.5601399067430347
06_岭回归,MCAR,0.1,5,0.55977542355472
07_Lasso,MCAR,0.1,5,0.5475534789319061
08_ElasticNet,MCAR,0.1,5,0.5516757581410804
09_贝叶斯岭回归,MCAR,0.1,5,0.5557281562155941
10_决策树,MCAR,0.1,5,0.332405741001621
11_随机森林,MCAR,0.1,5,0.3878056450994295
12_极端随机树,MCAR,0.1,5,0.4160710208277423
13_GradientBoosting,MCAR,0.1,5,0.3806241399131503
14_AdaBoost,MCAR,0.1,5,0.4094907379101113
15_SVR_rbf,MCAR,0.1,5,0.5148255841624365
16_KNN回归_k3,MCAR,0.1,5,0.5817072525209144
17_KNN回归_k5,MCAR,0.1,5,0.4640000644473736
18_MLP神经网络,MCAR,0.1,5,0.5594194362195721
19_迭代插补_贝叶斯,MCAR,0.1,5,0.5566664095516892
20_迭代插补_随机树,MCAR,0.1,5,0.41595759966583223
01_均值填充,MCAR,0.2,1,0.5279846884185482
02_中位数填充,MCAR,0.2,1,0.5269126040804637
03_KNN填充_k3,MCAR,0.2,1,0.49594150193000436
04_KNN填充_k5,MCAR,0.2,1,0.46463714631365566
05_线性回归,MCAR,0.2,1,0.4746029250083091
06_岭回归,MCAR,0.2,1,0.47532057962339125
07_Lasso,MCAR,0.2,1,0.514904341813316
08_ElasticNet,MCAR,0.2,1,0.4948962989178156
09_贝叶斯岭回归,MCAR,0.2,1,0.49149766811129175
10_决策树,MCAR,0.2,1,0.4525890247031688
11_随机森林,MCAR,0.2,1,0.4777775566263235
12_极端随机树,MCAR,0.2,1,0.5235911074119692
13_GradientBoosting,MCAR,0.2,1,0.48146813450163684
14_AdaBoost,MCAR,0.2,1,0.45990312728609245
15_SVR_rbf,MCAR,0.2,1,0.4779219715836656
16_KNN回归_k3,MCAR,0.2,1,0.518396418860609
17_KNN回归_k5,MCAR,0.2,1,0.44011545928454743
18_MLP神经网络,MCAR,0.2,1,0.49388601173272406
19_迭代插补_贝叶斯,MCAR,0.2,1,0.4852472410700095
20_迭代插补_随机树,MCAR,0.2,1,0.5135637785364436
01_均值填充,MCAR,0.2,2,0.47522087172277505
02_中位数填充,MCAR,0.2,2,0.4746832503530365
03_KNN填充_k3,MCAR,0.2,2,0.5495872645816006
04_KNN填充_k5,MCAR,0.2,2,0.5240837837351475
05_线性回归,MCAR,0.2,2,0.45485236553954067
06_岭回归,MCAR,0.2,2,0.4549268610307587
07_Lasso,MCAR,0.2,2,0.46460116739154134
08_ElasticNet,MCAR,0.2,2,0.4593060146506118
09_贝叶斯岭回归,MCAR,0.2,2,0.45786253450035425
10_决策树,MCAR,0.2,2,0.46412819225798335
11_随机森林,MCAR,0.2,2,0.44904004389093016
12_极端随机树,MCAR,0.2,2,0.48854030242950575
13_GradientBoosting,MCAR,0.2,2,0.5188209665422272
14_AdaBoost,MCAR,0.2,2,0.42704681676248607
15_SVR_rbf,MCAR,0.2,2,0.44400779188511363
16_KNN回归_k3,MCAR,0.2,2,0.6008489602417975
17_KNN回归_k5,MCAR,0.2,2,0.5083635690276728
18_MLP神经网络,MCAR,0.2,2,0.4678304898609307
19_迭代插补_贝叶斯,MCAR,0.2,2,0.45500176713275164
20_迭代插补_随机树,MCAR,0.2,2,0.49429164245921103
01_均值填充,MCAR,0.2,3,0.49336793282626557
02_中位数填充,MCAR,0.2,3,0.48846090135656994
03_KNN填充_k3,MCAR,0.2,3,0.6578374300725879
04_KNN填充_k5,MCAR,0.2,3,0.5737179398439207
05_线性回归,MCAR,0.2,3,0.447185010894987
06_岭回归,MCAR,0.2,3,0.4475746631006756
07_Lasso,MCAR,0.2,3,0.4787104109760594
08_ElasticNet,MCAR,0.2,3,0.46218251529560767
09_贝叶斯岭回归,MCAR,0.2,3,0.4578756384830936
10_决策树,MCAR,0.2,3,0.47479481733821993
11_随机森林,MCAR,0.2,3,0.4590437431145683
12_极端随机树,MCAR,0.2,3,0.48531309884119234
13_GradientBoosting,MCAR,0.2,3,0.5034697076201701
14_AdaBoost,MCAR,0.2,3,0.4654058003777811
15_SVR_rbf,MCAR,0.2,3,0.43490722134508636
16_KNN回归_k3,MCAR,0.2,3,0.5990702003928874
17_KNN回归_k5,MCAR,0.2,3,0.4934725544916454
18_MLP神经网络,MCAR,0.2,3,0.45150388122627033
19_迭代插补_贝叶斯,MCAR,0.2,3,0.45110348528378685
20_迭代插补_随机树,MCAR,0.2,3,0.45915314019952963
01_均值填充,MCAR,0.2,4,0.4102794037981134
02_中位数填充,MCAR,0.2,4,0.40762351490538057
03_KNN填充_k3,MCAR,0.2,4,0.34149205847437564
04_KNN填充_k5,MCAR,0.2,4,0.3239354878498124
05_线性回归,MCAR,0.2,4,0.393878636227579
06_岭回归,MCAR,0.2,4,0.3934009140034787
07_Lasso,MCAR,0.2,4,0.39467135916701324
08_ElasticNet,MCAR,0.2,4,0.3902674593913403
09_贝叶斯岭回归,MCAR,0.2,4,0.39058313565386854
10_决策树,MCAR,0.2,4,0.3762041515700974
11_随机森林,MCAR,0.2,4,0.31891389184643704
12_极端随机树,MCAR,0.2,4,0.32582006409576414
13_GradientBoosting,MCAR,0.2,4,0.337002699729588
14_AdaBoost,MCAR,0.2,4,0.3101054505057399
15_SVR_rbf,MCAR,0.2,4,0.33842957332953527
16_KNN回归_k3,MCAR,0.2,4,0.41451283076410417
17_KNN回归_k5,MCAR,0.2,4,0.33077687391702143
18_MLP神经网络,MCAR,0.2,4,0.3825418740047852
19_迭代插补_贝叶斯,MCAR,0.2,4,0.39931823681055684
20_迭代插补_随机树,MCAR,0.2,4,0.3304457554601103
01_均值填充,MCAR,0.2,5,0.6556174972288987
02_中位数填充,MCAR,0.2,5,0.6383268157109194
03_KNN填充_k3,MCAR,0.2,5,0.6211392339961467
04_KNN填充_k5,MCAR,0.2,5,0.6299138183378938
05_线性回归,MCAR,0.2,5,0.6177949319402823
06_岭回归,MCAR,0.2,5,0.6184103208102829
07_Lasso,MCAR,0.2,5,0.6472434779215246
08_ElasticNet,MCAR,0.2,5,0.6327269287585565
09_贝叶斯岭回归,MCAR,0.2,5,0.6295326980972323
10_决策树,MCAR,0.2,5,0.5121485414150748
11_随机森林,MCAR,0.2,5,0.5301437663162583
12_极端随机树,MCAR,0.2,5,0.5980173477658259
13_GradientBoosting,MCAR,0.2,5,0.501670993311854
14_AdaBoost,MCAR,0.2,5,0.6411030199503216
15_SVR_rbf,MCAR,0.2,5,0.6460190328962135
16_KNN回归_k3,MCAR,0.2,5,0.699067680927601
17_KNN回归_k5,MCAR,0.2,5,0.5799803561725865
18_MLP神经网络,MCAR,0.2,5,0.6527058610955929
19_迭代插补_贝叶斯,MCAR,0.2,5,0.6235819441903948
20_迭代插补_随机树,MCAR,0.2,5,0.59257040086266
01_均值填充,MCAR,0.3,1,0.5017395489385181
02_中位数填充,MCAR,0.3,1,0.5011940061217482
03_KNN填充_k3,MCAR,0.3,1,0.506289128052035
04_KNN填充_k5,MCAR,0.3,1,0.48611712624911785
05_线性回归,MCAR,0.3,1,0.46953293394556916
06_岭回归,MCAR,0.3,1,0.4699314792735161
07_Lasso,MCAR,0.3,1,0.4888169790355438
08_ElasticNet,MCAR,0.3,1,0.47800261527309956
09_贝叶斯岭回归,MCAR,0.3,1,0.4776452730754849
10_决策树,MCAR,0.3,1,0.5163345423341446
11_随机森林,MCAR,0.3,1,0.48107199757735086
12_极端随机树,MCAR,0.3,1,0.4993687561435467
13_GradientBoosting,MCAR,0.3,1,0.4726961768739335
14_AdaBoost,MCAR,0.3,1,0.4500802253217797
15_SVR_rbf,MCAR,0.3,1,0.49976386189776417
16_KNN回归_k3,MCAR,0.3,1,0.5557185995956845
17_KNN回归_k5,MCAR,0.3,1,0.480539829995081
18_MLP神经网络,MCAR,0.3,1,0.5223494569312375
19_迭代插补_贝叶斯,MCAR,0.3,1,0.4812566009297385
20_迭代插补_随机树,MCAR,0.3,1,0.48998297015099085
01_均值填充,MCAR,0.3,2,0.4318671785714743
02_中位数填充,MCAR,0.3,2,0.4322685569084517
03_KNN填充_k3,MCAR,0.3,2,0.49322357167659797
04_KNN填充_k5,MCAR,0.3,2,0.46487472774937
05_线性回归,MCAR,0.3,2,0.45166395341606613
06_岭回归,MCAR,0.3,2,0.45147655922449864
07_Lasso,MCAR,0.3,2,0.433564076957279
08_ElasticNet,MCAR,0.3,2,0.43935389460494934
09_贝叶斯岭回归,MCAR,0.3,2,0.448859200739004
10_决策树,MCAR,0.3,2,0.47135472125132044
11_随机森林,MCAR,0.3,2,0.4172000125220208
12_极端随机树,MCAR,0.3,2,0.4290837905608661
13_GradientBoosting,MCAR,0.3,2,0.463414963323697
14_AdaBoost,MCAR,0.3,2,0.3833139176294739
15_SVR_rbf,MCAR,0.3,2,0.4255319193436201
16_KNN回归_k3,MCAR,0.3,2,0.5127576655040236
17_KNN回归_k5,MCAR,0.3,2,0.4517368873437512
18_MLP神经网络,MCAR,0.3,2,0.4351775689859094
19_迭代插补_贝叶斯,MCAR,0.3,2,0.44916922562332334
20_迭代插补_随机树,MCAR,0.3,2,0.3919475320577895
01_均值填充,MCAR,0.3,3,0.5361450343437508
02_中位数填充,MCAR,0.3,3,0.5252326683485424
03_KNN填充_k3,MCAR,0.3,3,0.5968878779278532
04_KNN填充_k5,MCAR,0.3,3,0.5373366895991556
05_线性回归,MCAR,0.3,3,0.4869922039074371
06_岭回归,MCAR,0.3,3,0.48787809901855306
07_Lasso,MCAR,0.3,3,0.539516541233108
08_ElasticNet,MCAR,0.3,3,0.5142389066328339
09_贝叶斯岭回归,MCAR,0.3,3,0.5175686845036427
10_决策树,MCAR,0.3,3,0.4602509698818621
11_随机森林,MCAR,0.3,3,0.48310706254005137
12_极端随机树,MCAR,0.3,3,0.48457403201454197
13_GradientBoosting,MCAR,0.3,3,0.49993439303880494
14_AdaBoost,MCAR,0.3,3,0.4631744398438997
15_SVR_rbf,MCAR,0.3,3,0.4644985121428797
16_KNN回归_k3,MCAR,0.3,3,0.6077640937974302
17_KNN回归_k5,MCAR,0.3,3,0.5069602848836653
18_MLP神经网络,MCAR,0.3,3,0.44558341425045955
19_迭代插补_贝叶斯,MCAR,0.3,3,0.5036828425795796
20_迭代插补_随机树,MCAR,0.3,3,0.5392714183144228
01_均值填充,MCAR,0.3,4,0.5216767393015799
02_中位数填充,MCAR,0.3,4,0.5195782958285426
03_KNN填充_k3,MCAR,0.3,4,0.41277884311581836
04_KNN填充_k5,MCAR,0.3,4,0.3877782445390406
05_线性回归,MCAR,0.3,4,0.49139764739213726
06_岭回归,MCAR,0.3,4,0.49103235445136795
07_Lasso,MCAR,0.3,4,0.5086367550207529
08_ElasticNet,MCAR,0.3,4,0.4942329129703056
09_贝叶斯岭回归,MCAR,0.3,4,0.4918681751259137
10_决策树,MCAR,0.3,4,0.4328627106747656
11_随机森林,MCAR,0.3,4,0.4350009393911992
12_极端随机树,MCAR,0.3,4,0.40838016314084913
13_GradientBoosting,MCAR,0.3,4,0.42017241907896347
14_AdaBoost,MCAR,0.3,4,0.4328606316866578
15_SVR_rbf,MCAR,0.3,4,0.42878140559164024
16_KNN回归_k3,MCAR,0.3,4,0.42068220673150347
17_KNN回归_k5,MCAR,0.3,4,0.42379049897246995
18_MLP神经网络,MCAR,0.3,4,0.4617145186501084
19_迭代插补_贝叶斯,MCAR,0.3,4,0.5046160945480287
20_迭代插补_随机树,MCAR,0.3,4,0.42404184306722853
01_均值填充,MCAR,0.3,5,0.5612834575630516
02_中位数填充,MCAR,0.3,5,0.5494207338022206
03_KNN填充_k3,MCAR,0.3,5,0.5580539420996269
04_KNN填充_k5,MCAR,0.3,5,0.5857003238136532
05_线性回归,MCAR,0.3,5,0.531628545178946
06_岭回归,MCAR,0.3,5,0.5319940210553805
07_Lasso,MCAR,0.3,5,0.5528942272769323
08_ElasticNet,MCAR,0.3,5,0.5417457706795769
09_贝叶斯岭回归,MCAR,0.3,5,0.5398791207137226
10_决策树,MCAR,0.3,5,0.4629367690382433
11_随机森林,MCAR,0.3,5,0.4957369722719869
12_极端随机树,MCAR,0.3,5,0.5259041754637669
13_GradientBoosting,MCAR,0.3,5,0.4546531296601099
14_AdaBoost,MCAR,0.3,5,0.6114622568769325
15_SVR_rbf,MCAR,0.3,5,0.5601618714934553
16_KNN回归_k3,MCAR,0.3,5,0.6129542913214531
17_KNN回归_k5,MCAR,0.3,5,0.548114161273188
18_MLP神经网络,MCAR,0.3,5,0.5618513145204832
19_迭代插补_贝叶斯,MCAR,0.3,5,0.5360035141060239
20_迭代插补_随机树,MCAR,0.3,5,0.5429229991553781
01_均值填充,MCAR,0.4,1,0.5183876867613318
02_中位数填充,MCAR,0.4,1,0.5145045806976707
03_KNN填充_k3,MCAR,0.4,1,0.515088072948588
04_KNN填充_k5,MCAR,0.4,1,0.4829094227193593
05_线性回归,MCAR,0.4,1,0.4896688907391248
06_岭回归,MCAR,0.4,1,0.4901685531533877
07_Lasso,MCAR,0.4,1,0.5124053137916446
08_ElasticNet,MCAR,0.4,1,0.49872324763088377
09_贝叶斯岭回归,MCAR,0.4,1,0.5023227899950767
10_决策树,MCAR,0.4,1,0.49058616593204984
11_随机森林,MCAR,0.4,1,0.46351124531822196
12_极端随机树,MCAR,0.4,1,0.5081659450005359
13_GradientBoosting,MCAR,0.4,1,0.4771409722465269
14_AdaBoost,MCAR,0.4,1,0.43899208370513065
15_SVR_rbf,MCAR,0.4,1,0.4921419936892631
16_KNN回归_k3,MCAR,0.4,1,0.47203516405963836
17_KNN回归_k5,MCAR,0.4,1,0.4840305088274117
18_MLP神经网络,MCAR,0.4,1,0.516423337567174
19_迭代插补_贝叶斯,MCAR,0.4,1,0.5058088571995611
20_迭代插补_随机树,MCAR,0.4,1,0.49833841230805387
01_均值填充,MCAR,0.4,2,0.46930389347315227
02_中位数填充,MCAR,0.4,2,0.47469189886875945
03_KNN填充_k3,MCAR,0.4,2,0.48046405251759955
04_KNN填充_k5,MCAR,0.4,2,0.4588323123836753
05_线性回归,MCAR,0.4,2,0.4376704365281947
06_岭回归,MCAR,0.4,2,0.43797227987895504
07_Lasso,MCAR,0.4,2,0.45351824342176034
08_ElasticNet,MCAR,0.4,2,0.44504872087605934
09_贝叶斯岭回归,MCAR,0.4,2,0.44534242472708374
10_决策树,MCAR,0.4,2,0.43765489117920464
11_随机森林,MCAR,0.4,2,0.4074439433609939
12_极端随机树,MCAR,0.4,2,0.4512673787512748
13_GradientBoosting,MCAR,0.4,2,0.4451024208297969
14_AdaBoost,MCAR,0.4,2,0.4030744379903175
15_SVR_rbf,MCAR,0.4,2,0.4437757094946873
16_KNN回归_k3,MCAR,0.4,2,0.49299536133822863
17_KNN回归_k5,MCAR,0.4,2,0.40149149294290903
18_MLP神经网络,MCAR,0.4,2,0.4199331292912077
19_迭代插补_贝叶斯,MCAR,0.4,2,0.441316752815237
20_迭代插补_随机树,MCAR,0.4,2,0.46039835312383387
01_均值填充,MCAR,0.4,3,0.47674462835349213
02_中位数填充,MCAR,0.4,3,0.47493149301763815
03_KNN填充_k3,MCAR,0.4,3,0.5059448565695545
04_KNN填充_k5,MCAR,0.4,3,0.46886139246217556
05_线性回归,MCAR,0.4,3,0.44462030242069134
06_岭回归,MCAR,0.4,3,0.445237631518262
07_Lasso,MCAR,0.4,3,0.4692193191315854
08_ElasticNet,MCAR,0.4,3,0.4537377710213175
09_贝叶斯岭回归,MCAR,0.4,3,0.4588515067646774
10_决策树,MCAR,0.4,3,0.4522257580382938
11_随机森林,MCAR,0.4,3,0.43178067896723593
12_极端随机树,MCAR,0.4,3,0.4307235672527083
13_GradientBoosting,MCAR,0.4,3,0.48321141791303873
14_AdaBoost,MCAR,0.4,3,0.42229798506716754
15_SVR_rbf,MCAR,0.4,3,0.41982201583108497
16_KNN回归_k3,MCAR,0.4,3,0.5456009467955445
17_KNN回归_k5,MCAR,0.4,3,0.4570075809711485
18_MLP神经网络,MCAR,0.4,3,0.41774079514587115
19_迭代插补_贝叶斯,MCAR,0.4,3,0.44791045514265304
20_迭代插补_随机树,MCAR,0.4,3,0.45343008045475286
01_均值填充,MCAR,0.4,4,0.5157805836906187
02_中位数填充,MCAR,0.4,4,0.5149665606592153
03_KNN填充_k3,MCAR,0.4,4,0.41676896636143174
04_KNN填充_k5,MCAR,0.4,4,0.4058881801866123
05_线性回归,MCAR,0.4,4,0.48230277638098007
06_岭回归,MCAR,0.4,4,0.48242972576366916
07_Lasso,MCAR,0.4,4,0.50782783057471
08_ElasticNet,MCAR,0.4,4,0.4921453850445146
09_贝叶斯岭回归,MCAR,0.4,4,0.49273860616764475
10_决策树,MCAR,0.4,4,0.42054191186857054
11_随机森林,MCAR,0.4,4,0.4127562178451418
12_极端随机树,MCAR,0.4,4,0.4022504732406769
13_GradientBoosting,MCAR,0.4,4,0.41543141732816596
14_AdaBoost,MCAR,0.4,4,0.4254679348980481
15_SVR_rbf,MCAR,0.4,4,0.4436009242856014
16_KNN回归_k3,MCAR,0.4,4,0.42756309646040547
17_KNN回归_k5,MCAR,0.4,4,0.41965420427444483
18_MLP神经网络,MCAR,0.4,4,0.4644301856639713
19_迭代插补_贝叶斯,MCAR,0.4,4,0.5078201410908301
20_迭代插补_随机树,MCAR,0.4,4,0.4015552155058597
01_均值填充,MCAR,0.4,5,0.5092270750528657
02_中位数填充,MCAR,0.4,5,0.5066378768060394
03_KNN填充_k3,MCAR,0.4,5,0.5168495385194826
04_KNN填充_k5,MCAR,0.4,5,0.515680240328635
05_线性回归,MCAR,0.4,5,0.47760263725041313
06_岭回归,MCAR,0.4,5,0.4779143570763807
07_Lasso,MCAR,0.4,5,0.5033519665077322
08_ElasticNet,MCAR,0.4,5,0.4893107884899028
09_贝叶斯岭回归,MCAR,0.4,5,0.49073034034791246
10_决策树,MCAR,0.4,5,0.479216097874173
11_随机森林,MCAR,0.4,5,0.44861089847404134
12_极端随机树,MCAR,0.4,5,0.484695019542771
13_GradientBoosting,MCAR,0.4,5,0.44561934437739237
14_AdaBoost,MCAR,0.4,5,0.5240577370223396
15_SVR_rbf,MCAR,0.4,5,0.5290852973079277
16_KNN回归_k3,MCAR,0.4,5,0.5104678897374372
17_KNN回归_k5,MCAR,0.4,5,0.48558117898884184
18_MLP神经网络,MCAR,0.4,5,0.5130345563052567
19_迭代插补_贝叶斯,MCAR,0.4,5,0.48508083046027284
20_迭代插补_随机树,MCAR,0.4,5,0.4812578273661531
01_均值填充,MCAR,0.5,1,0.5120543642285171
02_中位数填充,MCAR,0.5,1,0.5137546298975749
03_KNN填充_k3,MCAR,0.5,1,0.5091959971037882
04_KNN填充_k5,MCAR,0.5,1,0.4866751081822504
05_线性回归,MCAR,0.5,1,0.48710208553143486
06_岭回归,MCAR,0.5,1,0.4874274528855606
07_Lasso,MCAR,0.5,1,0.5019400953697827
08_ElasticNet,MCAR,0.5,1,0.4911065175721985
09_贝叶斯岭回归,MCAR,0.5,1,0.49499027857820843
10_决策树,MCAR,0.5,1,0.4468823810765468
11_随机森林,MCAR,0.5,1,0.4374774864722257
12_极端随机树,MCAR,0.5,1,0.4843114295710576
13_GradientBoosting,MCAR,0.5,1,0.4468294173238727
14_AdaBoost,MCAR,0.5,1,0.42979211663246136
15_SVR_rbf,MCAR,0.5,1,0.4922438465650082
16_KNN回归_k3,MCAR,0.5,1,0.4836205358887776
17_KNN回归_k5,MCAR,0.5,1,0.4821001289051646
18_MLP神经网络,MCAR,0.5,1,0.4873181909354014
19_迭代插补_贝叶斯,MCAR,0.5,1,0.5050910439254235
20_迭代插补_随机树,MCAR,0.5,1,0.4650255070119029
01_均值填充,MCAR,0.5,2,0.4770026999417072
02_中位数填充,MCAR,0.5,2,0.47818987917042827
03_KNN填充_k3,MCAR,0.5,2,0.514495605430611
04_KNN填充_k5,MCAR,0.5,2,0.4776223949265957
05_线性回归,MCAR,0.5,2,0.4441725211012572
06_岭回归,MCAR,0.5,2,0.44472800026931264
07_Lasso,MCAR,0.5,2,0.47020808797693925
08_ElasticNet,MCAR,0.5,2,0.4567611742351893
09_贝叶斯岭回归,MCAR,0.5,2,0.46331282417452724
10_决策树,MCAR,0.5,2,0.42937628015648943
11_随机森林,MCAR,0.5,2,0.4217228206827992
12_极端随机树,MCAR,0.5,2,0.46420170248319464
13_GradientBoosting,MCAR,0.5,2,0.44598540416643817
14_AdaBoost,MCAR,0.5,2,0.41785289462317265
15_SVR_rbf,MCAR,0.5,2,0.48749582526700397
16_KNN回归_k3,MCAR,0.5,2,0.5444147810932178
17_KNN回归_k5,MCAR,0.5,2,0.4227654460737908
18_MLP神经网络,MCAR,0.5,2,0.4472288310443857
19_迭代插补_贝叶斯,MCAR,0.5,2,0.45369430536756317
20_迭代插补_随机树,MCAR,0.5,2,0.4780627104228582
01_均值填充,MCAR,0.5,3,0.4683562219451655
02_中位数填充,MCAR,0.5,3,0.46971854356352255
03_KNN填充_k3,MCAR,0.5,3,0.48552341561044965
04_KNN填充_k5,MCAR,0.5,3,0.45907981066334935
05_线性回归,MCAR,0.5,3,0.4374528654390253
06_岭回归,MCAR,0.5,3,0.43804325455567966
07_Lasso,MCAR,0.5,3,0.45814500733094127
08_ElasticNet,MCAR,0.5,3,0.44489568852282874
09_贝叶斯岭回归,MCAR,0.5,3,0.4509586352118207
10_决策树,MCAR,0.5,3,0.41508745233647115
11_随机森林,MCAR,0.5,3,0.41313841155703523
12_极端随机树,MCAR,0.5,3,0.4470701789003358
13_GradientBoosting,MCAR,0.5,3,0.4639339362542722
14_AdaBoost,MCAR,0.5,3,0.4099260665251164
15_SVR_rbf,MCAR,0.5,3,0.40750614893274095
16_KNN回归_k3,MCAR,0.5,3,0.40118507774831297
17_KNN回归_k5,MCAR,0.5,3,0.3958144154129856
18_MLP神经网络,MCAR,0.5,3,0.40516053092504434
19_迭代插补_贝叶斯,MCAR,0.5,3,0.43831519709560374
20_迭代插补_随机树,MCAR,0.5,3,0.4674178737537848
01_均值填充,MCAR,0.5,4,0.4937490867068072
02_中位数填充,MCAR,0.5,4,0.49166533021499065
03_KNN填充_k3,MCAR,0.5,4,0.4097628941061562
04_KNN填充_k5,MCAR,0.5,4,0.4109791401649627
05_线性回归,MCAR,0.5,4,0.4626345172883615
06_岭回归,MCAR,0.5,4,0.4629561620613664
07_Lasso,MCAR,0.5,4,0.4869649027226736
08_ElasticNet,MCAR,0.5,4,0.4730211395670931
09_贝叶斯岭回归,MCAR,0.5,4,0.47830197465312396
10_决策树,MCAR,0.5,4,0.4278202308372407
11_随机森林,MCAR,0.5,4,0.4189733004029553
12_极端随机树,MCAR,0.5,4,0.39121240535136814
13_GradientBoosting,MCAR,0.5,4,0.4305958419576657
14_AdaBoost,MCAR,0.5,4,0.44584036346424283
15_SVR_rbf,MCAR,0.5,4,0.44099725489204517
16_KNN回归_k3,MCAR,0.5,4,0.4159657897969779
17_KNN回归_k5,MCAR,0.5,4,0.41385809466698287
18_MLP神经网络,MCAR,0.5,4,0.46748406759200245
19_迭代插补_贝叶斯,MCAR,0.5,4,0.4925025170700935
20_迭代插补_随机树,MCAR,0.5,4,0.39169113616585555
01_均值填充,MCAR,0.5,5,0.527138840807291
02_中位数填充,MCAR,0.5,5,0.5265909177365483
03_KNN填充_k3,MCAR,0.5,5,0.5089793659307328
04_KNN填充_k5,MCAR,0.5,5,0.4868908237530728
05_线性回归,MCAR,0.5,5,0.49640546749128406
06_岭回归,MCAR,0.5,5,0.4969958982451183
07_Lasso,MCAR,0.5,5,0.5264302302082949
08_ElasticNet,MCAR,0.5,5,0.5103329841326013
09_贝叶斯岭回归,MCAR,0.5,5,0.5165328895114767
10_决策树,MCAR,0.5,5,0.42910663603686977
11_随机森林,MCAR,0.5,5,0.45019043295798805
12_极端随机树,MCAR,0.5,5,0.47153575387652386
13_GradientBoosting,MCAR,0.5,5,0.42714674851745904
14_AdaBoost,MCAR,0.5,5,0.5118204853057593
15_SVR_rbf,MCAR,0.5,5,0.5088368560605794
16_KNN回归_k3,MCAR,0.5,5,0.4700827943351617
17_KNN回归_k5,MCAR,0.5,5,0.47607596217179976
18_MLP神经网络,MCAR,0.5,5,0.5149408584972159
19_迭代插补_贝叶斯,MCAR,0.5,5,0.5040608916072671
20_迭代插补_随机树,MCAR,0.5,5,0.4487561860379243
01_均值填充,MAR,0.1,1,0.45156117149882163
02_中位数填充,MAR,0.1,1,0.4440796091205864
03_KNN填充_k3,MAR,0.1,1,0.3865194766247766
04_KNN填充_k5,MAR,0.1,1,0.36020804246617394
05_线性回归,MAR,0.1,1,0.48630287034279945
06_岭回归,MAR,0.1,1,0.4859875691385821
07_Lasso,MAR,0.1,1,0.4639609917623438
08_ElasticNet,MAR,0.1,1,0.4743013071719665
09_贝叶斯岭回归,MAR,0.1,1,0.48165842226423805
10_决策树,MAR,0.1,1,0.35725015900898605
11_随机森林,MAR,0.1,1,0.35934828002129304
12_极端随机树,MAR,0.1,1,0.3970538303128683
13_GradientBoosting,MAR,0.1,1,0.3612462335215569
14_AdaBoost,MAR,0.1,1,0.37203856602980573
15_SVR_rbf,MAR,0.1,1,0.42976215266475926
16_KNN回归_k3,MAR,0.1,1,0.3618874299038704
17_KNN回归_k5,MAR,0.1,1,0.3768664527826254
18_MLP神经网络,MAR,0.1,1,0.5025487229937601
19_迭代插补_贝叶斯,MAR,0.1,1,0.4831322857991859
20_迭代插补_随机树,MAR,0.1,1,0.43330046607536243
01_均值填充,MAR,0.1,2,0.524660621340058
02_中位数填充,MAR,0.1,2,0.5216394241575844
03_KNN填充_k3,MAR,0.1,2,0.39356559087228654
04_KNN填充_k5,MAR,0.1,2,0.42340759499856684
05_线性回归,MAR,0.1,2,0.5836025717199161
06_岭回归,MAR,0.1,2,0.5834175203803211
07_Lasso,MAR,0.1,2,0.5428411711722864
08_ElasticNet,MAR,0.1,2,0.5583139043839725
09_贝叶斯岭回归,MAR,0.1,2,0.5792242650583705
10_决策树,MAR,0.1,2,0.4527355817989859
11_随机森林,MAR,0.1,2,0.4448742979705128
12_极端随机树,MAR,0.1,2,0.49814530701165427
13_GradientBoosting,MAR,0.1,2,0.4203720372452986
14_AdaBoost,MAR,0.1,2,0.46184495517085933
15_SVR_rbf,MAR,0.1,2,0.48061174006668705
16_KNN回归_k3,MAR,0.1,2,0.6822304717777271
17_KNN回归_k5,MAR,0.1,2,0.5365281394810477
18_MLP神经网络,MAR,0.1,2,0.5367612413554462
19_迭代插补_贝叶斯,MAR,0.1,2,0.5786836953358384
20_迭代插补_随机树,MAR,0.1,2,0.5347732250171006
01_均值填充,MAR,0.1,3,0.267294435569456
02_中位数填充,MAR,0.1,3,0.26511652184778023
03_KNN填充_k3,MAR,0.1,3,0.35398676699102727
04_KNN填充_k5,MAR,0.1,3,0.36600536945566325
05_线性回归,MAR,0.1,3,0.30011747669242145
06_岭回归,MAR,0.1,3,0.29908646358572016
07_Lasso,MAR,0.1,3,0.27110825063603444
08_ElasticNet,MAR,0.1,3,0.2798451165034609
09_贝叶斯岭回归,MAR,0.1,3,0.2875876952141027
10_决策树,MAR,0.1,3,0.45048164219980524
11_随机森林,MAR,0.1,3,0.37717384359184103
12_极端随机树,MAR,0.1,3,0.4174317286943853
13_GradientBoosting,MAR,0.1,3,0.3872246706989445
14_AdaBoost,MAR,0.1,3,0.2944957763532334
15_SVR_rbf,MAR,0.1,3,0.373520999538547
16_KNN回归_k3,MAR,0.1,3,0.4042815470036112
17_KNN回归_k5,MAR,0.1,3,0.37643084086951356
18_MLP神经网络,MAR,0.1,3,0.2865810676762182
19_迭代插补_贝叶斯,MAR,0.1,3,0.2871499489954953
20_迭代插补_随机树,MAR,0.1,3,0.4404385563019366
01_均值填充,MAR,0.1,4,0.448783295747937
02_中位数填充,MAR,0.1,4,0.4465472602042191
03_KNN填充_k3,MAR,0.1,4,0.52144830296893
04_KNN填充_k5,MAR,0.1,4,0.4484213795122202
05_线性回归,MAR,0.1,4,0.40771547843350525
06_岭回归,MAR,0.1,4,0.40847498768864
07_Lasso,MAR,0.1,4,0.4326240086661073
08_ElasticNet,MAR,0.1,4,0.42149434488221116
09_贝叶斯岭回归,MAR,0.1,4,0.4205602131497317
10_决策树,MAR,0.1,4,0.4567483633822142
11_随机森林,MAR,0.1,4,0.4365439093641073
12_极端随机树,MAR,0.1,4,0.4230908422127897
13_GradientBoosting,MAR,0.1,4,0.4803111622015442
14_AdaBoost,MAR,0.1,4,0.3710828300587168
15_SVR_rbf,MAR,0.1,4,0.3947386820184963
16_KNN回归_k3,MAR,0.1,4,0.5171003645950646
17_KNN回归_k5,MAR,0.1,4,0.43946676274566376
18_MLP神经网络,MAR,0.1,4,0.4043472097763562
19_迭代插补_贝叶斯,MAR,0.1,4,0.4259894002278351
20_迭代插补_随机树,MAR,0.1,4,0.4045746296652349
01_均值填充,MAR,0.1,5,0.46935859199898916
02_中位数填充,MAR,0.1,5,0.47216944776449704
03_KNN填充_k3,MAR,0.1,5,0.36914255933292184
04_KNN填充_k5,MAR,0.1,5,0.32028340061763183
05_线性回归,MAR,0.1,5,0.42050415353432874
06_岭回归,MAR,0.1,5,0.42093166555273487
07_Lasso,MAR,0.1,5,0.44882996534937436
08_ElasticNet,MAR,0.1,5,0.43383748138119194
09_贝叶斯岭回归,MAR,0.1,5,0.4288797017305822
10_决策树,MAR,0.1,5,0.5000691213557665
11_随机森林,MAR,0.1,5,0.484076011048207
12_极端随机树,MAR,0.1,5,0.526361940160812
13_GradientBoosting,MAR,0.1,5,0.5265047436301002
14_AdaBoost,MAR,0.1,5,0.45349173977617574
15_SVR_rbf,MAR,0.1,5,0.44202995985444765
16_KNN回归_k3,MAR,0.1,5,0.5304001444968586
17_KNN回归_k5,MAR,0.1,5,0.4810993064348073
18_MLP神经网络,MAR,0.1,5,0.4712382385787525
19_迭代插补_贝叶斯,MAR,0.1,5,0.43316746786470606
20_迭代插补_随机树,MAR,0.1,5,0.5542673796775874
01_均值填充,MAR,0.2,1,0.4184485438669665
02_中位数填充,MAR,0.2,1,0.4272547255961649
03_KNN填充_k3,MAR,0.2,1,0.4390846619128304
04_KNN填充_k5,MAR,0.2,1,0.4034852435537318
05_线性回归,MAR,0.2,1,0.371271451530914
06_岭回归,MAR,0.2,1,0.37217965582115353
07_Lasso,MAR,0.2,1,0.39939640396500253
08_ElasticNet,MAR,0.2,1,0.3832728266659739
09_贝叶斯岭回归,MAR,0.2,1,0.3876561934498295
10_决策树,MAR,0.2,1,0.4248445584564868
11_随机森林,MAR,0.2,1,0.37797133120024207
12_极端随机树,MAR,0.2,1,0.40735596920274936
13_GradientBoosting,MAR,0.2,1,0.36303325180988144
14_AdaBoost,MAR,0.2,1,0.34927032110430395
15_SVR_rbf,MAR,0.2,1,0.388810553903777
16_KNN回归_k3,MAR,0.2,1,0.3823620899126022
17_KNN回归_k5,MAR,0.2,1,0.403712515526041
18_MLP神经网络,MAR,0.2,1,0.36685184024337625
19_迭代插补_贝叶斯,MAR,0.2,1,0.385962917714162
20_迭代插补_随机树,MAR,0.2,1,0.4563795641300212
01_均值填充,MAR,0.2,2,0.5599019928755319
02_中位数填充,MAR,0.2,2,0.5568559241472463
03_KNN填充_k3,MAR,0.2,2,0.38243152689292703
04_KNN填充_k5,MAR,0.2,2,0.35976706595074226
05_线性回归,MAR,0.2,2,0.49597161448320276
06_岭回归,MAR,0.2,2,0.497026232109305
07_Lasso,MAR,0.2,2,0.5564702569737381
08_ElasticNet,MAR,0.2,2,0.527070882667636
09_贝叶斯岭回归,MAR,0.2,2,0.5279822109712365
10_决策树,MAR,0.2,2,0.42356191366412366
11_随机森林,MAR,0.2,2,0.4213896122726918
12_极端随机树,MAR,0.2,2,0.5157976711899712
13_GradientBoosting,MAR,0.2,2,0.43349458854486145
14_AdaBoost,MAR,0.2,2,0.4162561690001576
15_SVR_rbf,MAR,0.2,2,0.483312764854674
16_KNN回归_k3,MAR,0.2,2,0.5105652790862439
17_KNN回归_k5,MAR,0.2,2,0.41363373904705286
18_MLP神经网络,MAR,0.2,2,0.48994230417330753
19_迭代插补_贝叶斯,MAR,0.2,2,0.5132030890809438
20_迭代插补_随机树,MAR,0.2,2,0.5509571138416103
01_均值填充,MAR,0.2,3,0.4768003832487158
02_中位数填充,MAR,0.2,3,0.47866849039177134
03_KNN填充_k3,MAR,0.2,3,0.4500809268318049
04_KNN填充_k5,MAR,0.2,3,0.42027338506017947
05_线性回归,MAR,0.2,3,0.47700001635015954
06_岭回归,MAR,0.2,3,0.47697552997097103
07_Lasso,MAR,0.2,3,0.4722822455489366
08_ElasticNet,MAR,0.2,3,0.4735844510605339
09_贝叶斯岭回归,MAR,0.2,3,0.47671078433109254
10_决策树,MAR,0.2,3,0.3638555712692709
11_随机森林,MAR,0.2,3,0.40043173509334673
12_极端随机树,MAR,0.2,3,0.43182963594078727
13_GradientBoosting,MAR,0.2,3,0.4168522261192343
14_AdaBoost,MAR,0.2,3,0.3477696642447491
15_SVR_rbf,MAR,0.2,3,0.4896752115648895
16_KNN回归_k3,MAR,0.2,3,0.46362511081289853
17_KNN回归_k5,MAR,0.2,3,0.4430070436757332
18_MLP神经网络,MAR,0.2,3,0.4580250706520989
19_迭代插补_贝叶斯,MAR,0.2,3,0.47955813870854935
20_迭代插补_随机树,MAR,0.2,3,0.44464337357652045
01_均值填充,MAR,0.2,4,0.42786556821080346
02_中位数填充,MAR,0.2,4,0.42573878609334215
03_KNN填充_k3,MAR,0.2,4,0.5189599110495415
04_KNN填充_k5,MAR,0.2,4,0.46197176881845375
05_线性回归,MAR,0.2,4,0.4468191887075914
06_岭回归,MAR,0.2,4,0.4464616945635497
07_Lasso,MAR,0.2,4,0.4289899961074314
08_ElasticNet,MAR,0.2,4,0.4352390732739469
09_贝叶斯岭回归,MAR,0.2,4,0.4421629267295613
10_决策树,MAR,0.2,4,0.3341638818643399
11_随机森林,MAR,0.2,4,0.380276690145522
12_极端随机树,MAR,0.2,4,0.38936278881363756
13_GradientBoosting,MAR,0.2,4,0.3701664635252686
14_AdaBoost,MAR,0.2,4,0.46550702128375904
15_SVR_rbf,MAR,0.2,4,0.42590335093131904
16_KNN回归_k3,MAR,0.2,4,0.46400997589004256
17_KNN回归_k5,MAR,0.2,4,0.3742062417854459
18_MLP神经网络,MAR,0.2,4,0.43786784878072993
19_迭代插补_贝叶斯,MAR,0.2,4,0.4438220401285708
20_迭代插补_随机树,MAR,0.2,4,0.37970511910350585
01_均值填充,MAR,0.2,5,0.3910993163110617
02_中位数填充,MAR,0.2,5,0.39037621571523273
03_KNN填充_k3,MAR,0.2,5,0.4073317664424482
04_KNN填充_k5,MAR,0.2,5,0.3764459969161898
05_线性回归,MAR,0.2,5,0.3919421416891174
06_岭回归,MAR,0.2,5,0.3918552545953428
07_Lasso,MAR,0.2,5,0.38854117520284853
08_ElasticNet,MAR,0.2,5,0.3897535704899445
09_贝叶斯岭回归,MAR,0.2,5,0.3912930273663102
10_决策树,MAR,0.2,5,0.3932783151670755
11_随机森林,MAR,0.2,5,0.36006204828075633
12_极端随机树,MAR,0.2,5,0.398238287232022
13_GradientBoosting,MAR,0.2,5,0.36410803651840856
14_AdaBoost,MAR,0.2,5,0.32201972723388766
15_SVR_rbf,MAR,0.2,5,0.36171506773276124
16_KNN回归_k3,MAR,0.2,5,0.3802140216768345
17_KNN回归_k5,MAR,0.2,5,0.30560284515214153
18_MLP神经网络,MAR,0.2,5,0.42372210767468677
19_迭代插补_贝叶斯,MAR,0.2,5,0.39501358779976387
20_迭代插补_随机树,MAR,0.2,5,0.40902806496160554
01_均值填充,MAR,0.3,1,0.45579575180421095
02_中位数填充,MAR,0.3,1,0.4575084170486875
03_KNN填充_k3,MAR,0.3,1,0.407866643332103
04_KNN填充_k5,MAR,0.3,1,0.38609658158302085
05_线性回归,MAR,0.3,1,0.4402299149715773
06_岭回归,MAR,0.3,1,0.4400725619588458
07_Lasso,MAR,0.3,1,0.4412550088830413
08_ElasticNet,MAR,0.3,1,0.437483137356699
09_贝叶斯岭回归,MAR,0.3,1,0.4399271893523418
10_决策树,MAR,0.3,1,0.4342945704842928
11_随机森林,MAR,0.3,1,0.4128818022439164
12_极端随机树,MAR,0.3,1,0.4546814087295866
13_GradientBoosting,MAR,0.3,1,0.4277500400545178
14_AdaBoost,MAR,0.3,1,0.3957431390920687
15_SVR_rbf,MAR,0.3,1,0.45222705291853565
16_KNN回归_k3,MAR,0.3,1,0.44187586726292055
17_KNN回归_k5,MAR,0.3,1,0.4329917702417004
18_MLP神经网络,MAR,0.3,1,0.4319916179954998
19_迭代插补_贝叶斯,MAR,0.3,1,0.4405460833429545
20_迭代插补_随机树,MAR,0.3,1,0.43228765912557215
01_均值填充,MAR,0.3,2,0.4687532284270634
02_中位数填充,MAR,0.3,2,0.47125102116270984
03_KNN填充_k3,MAR,0.3,2,0.3556075497720511
04_KNN填充_k5,MAR,0.3,2,0.3229722737856609
05_线性回归,MAR,0.3,2,0.44139919592568827
06_岭回归,MAR,0.3,2,0.4418951175849091
07_Lasso,MAR,0.3,2,0.45490127890917165
08_ElasticNet,MAR,0.3,2,0.44642806751270697
09_贝叶斯岭回归,MAR,0.3,2,0.44988094888076074
10_决策树,MAR,0.3,2,0.32075248955062124
11_随机森林,MAR,0.3,2,0.32724077964114684
12_极端随机树,MAR,0.3,2,0.3976567931033967
13_GradientBoosting,MAR,0.3,2,0.3872650187922957
14_AdaBoost,MAR,0.3,2,0.3176602267279623
15_SVR_rbf,MAR,0.3,2,0.3849279313901667
16_KNN回归_k3,MAR,0.3,2,0.4485203111999162
17_KNN回归_k5,MAR,0.3,2,0.32997874241957775
18_MLP神经网络,MAR,0.3,2,0.44708467148330183
19_迭代插补_贝叶斯,MAR,0.3,2,0.44055956503709653
20_迭代插补_随机树,MAR,0.3,2,0.4205992946330385
01_均值填充,MAR,0.3,3,0.3500218734872265
02_中位数填充,MAR,0.3,3,0.35101940072771665
03_KNN填充_k3,MAR,0.3,3,0.4753230144082057
04_KNN填充_k5,MAR,0.3,3,0.43678546104616495
05_线性回归,MAR,0.3,3,0.39737872221629783
06_岭回归,MAR,0.3,3,0.3966630606122439
07_Lasso,MAR,0.3,3,0.3643852518441528
08_ElasticNet,MAR,0.3,3,0.3770224837593798
09_贝叶斯岭回归,MAR,0.3,3,0.3890383268706385
10_决策树,MAR,0.3,3,0.39988666975350384
11_随机森林,MAR,0.3,3,0.39901888980862116
12_极端随机树,MAR,0.3,3,0.43303463160347255
13_GradientBoosting,MAR,0.3,3,0.40988241841857337
14_AdaBoost,MAR,0.3,3,0.38463888548608416
15_SVR_rbf,MAR,0.3,3,0.3452177008187501
16_KNN回归_k3,MAR,0.3,3,0.4147657406072535
17_KNN回归_k5,MAR,0.3,3,0.3318886877682408
18_MLP神经网络,MAR,0.3,3,0.3610526296879145
19_迭代插补_贝叶斯,MAR,0.3,3,0.3917153066892049
20_迭代插补_随机树,MAR,0.3,3,0.44680048952525986
01_均值填充,MAR,0.3,4,0.4875407681150184
02_中位数填充,MAR,0.3,4,0.48401942659557495
03_KNN填充_k3,MAR,0.3,4,0.5390705344524443
04_KNN填充_k5,MAR,0.3,4,0.48737588455147507
05_线性回归,MAR,0.3,4,0.43445975393185593
06_岭回归,MAR,0.3,4,0.4351583900827525
07_Lasso,MAR,0.3,4,0.4870408647499615
08_ElasticNet,MAR,0.3,4,0.4604516440244596
09_贝叶斯岭回归,MAR,0.3,4,0.4643719726576832
10_决策树,MAR,0.3,4,0.5080457150483344
11_随机森林,MAR,0.3,4,0.44293132373302957
12_极端随机树,MAR,0.3,4,0.48559067193186345
13_GradientBoosting,MAR,0.3,4,0.4595131420655013
14_AdaBoost,MAR,0.3,4,0.4415751739718178
15_SVR_rbf,MAR,0.3,4,0.4946652597067614
16_KNN回归_k3,MAR,0.3,4,0.5070068292126508
17_KNN回归_k5,MAR,0.3,4,0.44129503618066873
18_MLP神经网络,MAR,0.3,4,0.44399252519620047
19_迭代插补_贝叶斯,MAR,0.3,4,0.45344493245319983
20_迭代插补_随机树,MAR,0.3,4,0.4736901759329621
01_均值填充,MAR,0.3,5,0.39464535879731694
02_中位数填充,MAR,0.3,5,0.38981387256556266
03_KNN填充_k3,MAR,0.3,5,0.4488629004096593
04_KNN填充_k5,MAR,0.3,5,0.4218577785780381
05_线性回归,MAR,0.3,5,0.3852002080560794
06_岭回归,MAR,0.3,5,0.38528934741664633
07_Lasso,MAR,0.3,5,0.38031417994969635
08_ElasticNet,MAR,0.3,5,0.3770246436795132
09_贝叶斯岭回归,MAR,0.3,5,0.38619206532608785
10_决策树,MAR,0.3,5,0.3645434688278887
11_随机森林,MAR,0.3,5,0.4164065598711344
12_极端随机树,MAR,0.3,5,0.38673504317128915
13_GradientBoosting,MAR,0.3,5,0.42581588605936094
14_AdaBoost,MAR,0.3,5,0.4182915400524838
15_SVR_rbf,MAR,0.3,5,0.3534658973819045
16_KNN回归_k3,MAR,0.3,5,0.38234511048444286
17_KNN回归_k5,MAR,0.3,5,0.3639315944268815
18_MLP神经网络,MAR,0.3,5,0.37278623402269573
19_迭代插补_贝叶斯,MAR,0.3,5,0.38833934153626326
20_迭代插补_随机树,MAR,0.3,5,0.40996537940458916
01_均值填充,MAR,0.4,1,0.48438588769939395
02_中位数填充,MAR,0.4,1,0.47865205026226454
03_KNN填充_k3,MAR,0.4,1,0.47186070928932994
04_KNN填充_k5,MAR,0.4,1,0.4701442867622212
05_线性回归,MAR,0.4,1,0.48107136108566223
06_岭回归,MAR,0.4,1,0.4810849323842069
07_Lasso,MAR,0.4,1,0.47416360803668584
08_ElasticNet,MAR,0.4,1,0.47366048482948475
09_贝叶斯岭回归,MAR,0.4,1,0.4801716413070594
10_决策树,MAR,0.4,1,0.4445716827437343
11_随机森林,MAR,0.4,1,0.4321836273840538
12_极端随机树,MAR,0.4,1,0.4452568860934272
13_GradientBoosting,MAR,0.4,1,0.4878545124548459
14_AdaBoost,MAR,0.4,1,0.43987946539736067
15_SVR_rbf,MAR,0.4,1,0.45226622060381844
16_KNN回归_k3,MAR,0.4,1,0.4505589466903332
17_KNN回归_k5,MAR,0.4,1,0.43368759816300434
18_MLP神经网络,MAR,0.4,1,0.46324525415836837
19_迭代插补_贝叶斯,MAR,0.4,1,0.47346792369632074
20_迭代插补_随机树,MAR,0.4,1,0.46737298706403585
01_均值填充,MAR,0.4,2,0.49954963839823663
02_中位数填充,MAR,0.4,2,0.499314618922132
03_KNN填充_k3,MAR,0.4,2,0.4564986126706785
04_KNN填充_k5,MAR,0.4,2,0.4017574416272698
05_线性回归,MAR,0.4,2,0.49589088141305604
06_岭回归,MAR,0.4,2,0.4960093491936743
07_Lasso,MAR,0.4,2,0.4895664110592447
08_ElasticNet,MAR,0.4,2,0.48794959002224586
09_贝叶斯岭回归,MAR,0.4,2,0.49612265884497686
10_决策树,MAR,0.4,2,0.47198820349219184
11_随机森林,MAR,0.4,2,0.42823172846068613
12_极端随机树,MAR,0.4,2,0.4715842144880042
13_GradientBoosting,MAR,0.4,2,0.46458305598343774
14_AdaBoost,MAR,0.4,2,0.4506610927810638
15_SVR_rbf,MAR,0.4,2,0.4897126357725485
16_KNN回归_k3,MAR,0.4,2,0.5121809719302365
17_KNN回归_k5,MAR,0.4,2,0.4603943035631709
18_MLP神经网络,MAR,0.4,2,0.5149574108260402
19_迭代插补_贝叶斯,MAR,0.4,2,0.48942102633779183
20_迭代插补_随机树,MAR,0.4,2,0.47236709378950625
01_均值填充,MAR,0.4,3,0.47768202288977823
02_中位数填充,MAR,0.4,3,0.47417680131475043
03_KNN填充_k3,MAR,0.4,3,0.4572185641469527
04_KNN填充_k5,MAR,0.4,3,0.4034011873093162
05_线性回归,MAR,0.4,3,0.49832875062559984
06_岭回归,MAR,0.4,3,0.4966475160386095
07_Lasso,MAR,0.4,3,0.4748068887144428
08_ElasticNet,MAR,0.4,3,0.4815240714686266
09_贝叶斯岭回归,MAR,0.4,3,0.48828207669101265
10_决策树,MAR,0.4,3,0.43080753837919855
11_随机森林,MAR,0.4,3,0.41692973188888865
12_极端随机树,MAR,0.4,3,0.4359992720454277
13_GradientBoosting,MAR,0.4,3,0.41362187973244846
14_AdaBoost,MAR,0.4,3,0.4396394716453642
15_SVR_rbf,MAR,0.4,3,0.41741719751592865
16_KNN回归_k3,MAR,0.4,3,0.3625864750011664
17_KNN回归_k5,MAR,0.4,3,0.4176515661505221
18_MLP神经网络,MAR,0.4,3,0.46555424034336607
19_迭代插补_贝叶斯,MAR,0.4,3,0.5046213664552285
20_迭代插补_随机树,MAR,0.4,3,0.45107686431951294
01_均值填充,MAR,0.4,4,0.4741543063494444
02_中位数填充,MAR,0.4,4,0.473139116550626
03_KNN填充_k3,MAR,0.4,4,0.475878692239673
04_KNN填充_k5,MAR,0.4,4,0.49022824381342117
05_线性回归,MAR,0.4,4,0.44628751842777725
06_岭回归,MAR,0.4,4,0.44670752891666127
07_Lasso,MAR,0.4,4,0.4627081770891152
08_ElasticNet,MAR,0.4,4,0.4523600008302767
09_贝叶斯岭回归,MAR,0.4,4,0.45514981954163586
10_决策树,MAR,0.4,4,0.4052673567676604
11_随机森林,MAR,0.4,4,0.4368457620097746
12_极端随机树,MAR,0.4,4,0.47842392144390766
13_GradientBoosting,MAR,0.4,4,0.45049140441345337
14_AdaBoost,MAR,0.4,4,0.4216057528965072
15_SVR_rbf,MAR,0.4,4,0.4687289309011774
16_KNN回归_k3,MAR,0.4,4,0.47878615143538955
17_KNN回归_k5,MAR,0.4,4,0.4317577468251873
18_MLP神经网络,MAR,0.4,4,0.46776456000544314
19_迭代插补_贝叶斯,MAR,0.4,4,0.445803016897205
20_迭代插补_随机树,MAR,0.4,4,0.4867658532935565
01_均值填充,MAR,0.4,5,0.43785536360679433
02_中位数填充,MAR,0.4,5,0.4374372998952474
03_KNN填充_k3,MAR,0.4,5,0.4396143071009807
04_KNN填充_k5,MAR,0.4,5,0.40070781013841716
05_线性回归,MAR,0.4,5,0.45536875704242163
06_岭回归,MAR,0.4,5,0.45502136977791036
07_Lasso,MAR,0.4,5,0.43981676731242786
08_ElasticNet,MAR,0.4,5,0.44505308068160726
09_贝叶斯岭回归,MAR,0.4,5,0.4511986265642496
10_决策树,MAR,0.4,5,0.47429540419815003
11_随机森林,MAR,0.4,5,0.44556488899613655
12_极端随机树,MAR,0.4,5,0.4487763347638638
13_GradientBoosting,MAR,0.4,5,0.49117045619335603
14_AdaBoost,MAR,0.4,5,0.4507116034132571
15_SVR_rbf,MAR,0.4,5,0.47347898875345656
16_KNN回归_k3,MAR,0.4,5,0.4121105267803064
17_KNN回归_k5,MAR,0.4,5,0.4658837280784113
18_MLP神经网络,MAR,0.4,5,0.49809993792002694
19_迭代插补_贝叶斯,MAR,0.4,5,0.45540084696771255
20_迭代插补_随机树,MAR,0.4,5,0.4466008731622835
01_均值填充,MAR,0.5,1,0.4644597853595103
02_中位数填充,MAR,0.5,1,0.469065387387574
03_KNN填充_k3,MAR,0.5,1,0.47749814731686036
04_KNN填充_k5,MAR,0.5,1,0.41885164764086047
05_线性回归,MAR,0.5,1,0.5004407845194723
06_岭回归,MAR,0.5,1,0.49951692938320086
07_Lasso,MAR,0.5,1,0.46050871073907107
08_ElasticNet,MAR,0.5,1,0.4758128056799403
09_贝叶斯岭回归,MAR,0.5,1,0.4898851754328703
10_决策树,MAR,0.5,1,0.4451849349339712
11_随机森林,MAR,0.5,1,0.4648438291046351
12_极端随机树,MAR,0.5,1,0.4751135736622121
13_GradientBoosting,MAR,0.5,1,0.502710787471798
14_AdaBoost,MAR,0.5,1,0.4705165317646958
15_SVR_rbf,MAR,0.5,1,0.5062715870004084
16_KNN回归_k3,MAR,0.5,1,0.4361745663722491
17_KNN回归_k5,MAR,0.5,1,0.44691811101300183
18_MLP神经网络,MAR,0.5,1,0.5025345923559126
19_迭代插补_贝叶斯,MAR,0.5,1,0.48215857228975595
20_迭代插补_随机树,MAR,0.5,1,0.46369253054502446
01_均值填充,MAR,0.5,2,0.46463632985564407
02_中位数填充,MAR,0.5,2,0.4684925860425805
03_KNN填充_k3,MAR,0.5,2,0.459815571072474
04_KNN填充_k5,MAR,0.5,2,0.4621003224388389
05_线性回归,MAR,0.5,2,0.5467365724460442
06_岭回归,MAR,0.5,2,0.5452358728668882
07_Lasso,MAR,0.5,2,0.4862954123522632
08_ElasticNet,MAR,0.5,2,0.5115815732303514
09_贝叶斯岭回归,MAR,0.5,2,0.5358238265427684
10_决策树,MAR,0.5,2,0.45951796677487233
11_随机森林,MAR,0.5,2,0.4386000076015366
12_极端随机树,MAR,0.5,2,0.49717276756491946
13_GradientBoosting,MAR,0.5,2,0.4438373703903201
14_AdaBoost,MAR,0.5,2,0.4204079999585942
15_SVR_rbf,MAR,0.5,2,0.5347458823857125
16_KNN回归_k3,MAR,0.5,2,0.5140015759416604
17_KNN回归_k5,MAR,0.5,2,0.4984683650327266
18_MLP神经网络,MAR,0.5,2,0.4851752919745176
19_迭代插补_贝叶斯,MAR,0.5,2,0.5114582427756313
20_迭代插补_随机树,MAR,0.5,2,0.48889793785247204
01_均值填充,MAR,0.5,3,0.5088983554493332
02_中位数填充,MAR,0.5,3,0.506221176384514
03_KNN填充_k3,MAR,0.5,3,0.4369279480183247
04_KNN填充_k5,MAR,0.5,3,0.4099428252855604
05_线性回归,MAR,0.5,3,0.49400765265166924
06_岭回归,MAR,0.5,3,0.49407503389665663
07_Lasso,MAR,0.5,3,0.4949080992041446
08_ElasticNet,MAR,0.5,3,0.4915226032247811
09_贝叶斯岭回归,MAR,0.5,3,0.495950155430933
10_决策树,MAR,0.5,3,0.38988006037974327
11_随机森林,MAR,0.5,3,0.38373582541092965
12_极端随机树,MAR,0.5,3,0.4111982767789798
13_GradientBoosting,MAR,0.5,3,0.43613514947105986
14_AdaBoost,MAR,0.5,3,0.36300564235043503
15_SVR_rbf,MAR,0.5,3,0.4439715599044267
16_KNN回归_k3,MAR,0.5,3,0.4485322469104557
17_KNN回归_k5,MAR,0.5,3,0.43195810115317684
18_MLP神经网络,MAR,0.5,3,0.46153684220204816
19_迭代插补_贝叶斯,MAR,0.5,3,0.49383624436487
20_迭代插补_随机树,MAR,0.5,3,0.4337962406445903
01_均值填充,MAR,0.5,4,0.462063570992723
02_中位数填充,MAR,0.5,4,0.4558088602681768
03_KNN填充_k3,MAR,0.5,4,0.5291085063239389
04_KNN填充_k5,MAR,0.5,4,0.46270972552963807
05_线性回归,MAR,0.5,4,0.46498075362045477
06_岭回归,MAR,0.5,4,0.46449961741652895
07_Lasso,MAR,0.5,4,0.4576306443958274
08_ElasticNet,MAR,0.5,4,0.45844675914478494
09_贝叶斯岭回归,MAR,0.5,4,0.4607421830814133
10_决策树,MAR,0.5,4,0.5117735141029234
11_随机森林,MAR,0.5,4,0.4991459637155533
12_极端随机树,MAR,0.5,4,0.5177529820607651
13_GradientBoosting,MAR,0.5,4,0.4604920826988835
14_AdaBoost,MAR,0.5,4,0.5058921209294129
15_SVR_rbf,MAR,0.5,4,0.4782530290048814
16_KNN回归_k3,MAR,0.5,4,0.48090147189806814
17_KNN回归_k5,MAR,0.5,4,0.4478019935594724
18_MLP神经网络,MAR,0.5,4,0.4605188149100745
19_迭代插补_贝叶斯,MAR,0.5,4,0.46563773891011523
20_迭代插补_随机树,MAR,0.5,4,0.5620613202394449
01_均值填充,MAR,0.5,5,0.49895736796110624
02_中位数填充,MAR,0.5,5,0.5008015737690517
03_KNN填充_k3,MAR,0.5,5,0.4754989451825279
04_KNN填充_k5,MAR,0.5,5,0.42634272200432594
05_线性回归,MAR,0.5,5,0.4651042754987958
06_岭回归,MAR,0.5,5,0.46562574603395396
07_Lasso,MAR,0.5,5,0.49055806081185077
08_ElasticNet,MAR,0.5,5,0.47641113631522586
09_贝叶斯岭回归,MAR,0.5,5,0.48112195334357655
10_决策树,MAR,0.5,5,0.4738600161206307
11_随机森林,MAR,0.5,5,0.4467731393019966
12_极端随机树,MAR,0.5,5,0.47710613234971394
13_GradientBoosting,MAR,0.5,5,0.4530941352933476
14_AdaBoost,MAR,0.5,5,0.47093758751171944
15_SVR_rbf,MAR,0.5,5,0.4654688666714188
16_KNN回归_k3,MAR,0.5,5,0.4871799162564579
17_KNN回归_k5,MAR,0.5,5,0.4304381329719238
18_MLP神经网络,MAR,0.5,5,0.5145447390849647
19_迭代插补_贝叶斯,MAR,0.5,5,0.47240697186568764
20_迭代插补_随机树,MAR,0.5,5,0.48661595890679893
01_均值填充,MNAR,0.1,1,0.7019517960845525
02_中位数填充,MNAR,0.1,1,0.6809898280190172
03_KNN填充_k3,MNAR,0.1,1,0.8305747970667905
04_KNN填充_k5,MNAR,0.1,1,0.7697590408767699
05_线性回归,MNAR,0.1,1,0.6339070963063335
06_岭回归,MNAR,0.1,1,0.6348558887355712
07_Lasso,MNAR,0.1,1,0.6872799306719013
08_ElasticNet,MNAR,0.1,1,0.6617176027835581
09_贝叶斯岭回归,MNAR,0.1,1,0.6531753477522358
10_决策树,MNAR,0.1,1,0.5489269643057095
11_随机森林,MNAR,0.1,1,0.5338207265619582
12_极端随机树,MNAR,0.1,1,0.6120781790130959
13_GradientBoosting,MNAR,0.1,1,0.4787376980131014
14_AdaBoost,MNAR,0.1,1,0.5718791691484995
15_SVR_rbf,MNAR,0.1,1,0.6869061516270082
16_KNN回归_k3,MNAR,0.1,1,0.771119301794824
17_KNN回归_k5,MNAR,0.1,1,0.7161400663157415
18_MLP神经网络,MNAR,0.1,1,0.6496160465237598
19_迭代插补_贝叶斯,MNAR,0.1,1,0.644822547498696
20_迭代插补_随机树,MNAR,0.1,1,0.5674213659795757
01_均值填充,MNAR,0.1,2,0.5993156337953643
02_中位数填充,MNAR,0.1,2,0.584572814338315
03_KNN填充_k3,MNAR,0.1,2,0.6531362838362611
04_KNN填充_k5,MNAR,0.1,2,0.6354545251263574
05_线性回归,MNAR,0.1,2,0.5888626278147763
06_岭回归,MNAR,0.1,2,0.5892117521613017
07_Lasso,MNAR,0.1,2,0.5946075121303257
08_ElasticNet,MNAR,0.1,2,0.5925704066991134
09_贝叶斯岭回归,MNAR,0.1,2,0.5935045187359941
10_决策树,MNAR,0.1,2,0.5874080983467938
11_随机森林,MNAR,0.1,2,0.5353596566901997
12_极端随机树,MNAR,0.1,2,0.5349094275485712
13_GradientBoosting,MNAR,0.1,2,0.557633059653062
14_AdaBoost,MNAR,0.1,2,0.5129110305136853
15_SVR_rbf,MNAR,0.1,2,0.572284428934688
16_KNN回归_k3,MNAR,0.1,2,0.6195656516343861
17_KNN回归_k5,MNAR,0.1,2,0.5511988999838793
18_MLP神经网络,MNAR,0.1,2,0.6501042103525012
19_迭代插补_贝叶斯,MNAR,0.1,2,0.5954808115931187
20_迭代插补_随机树,MNAR,0.1,2,0.5774607463704825
01_均值填充,MNAR,0.1,3,0.6600443320865256
02_中位数填充,MNAR,0.1,3,0.6407725610902258
03_KNN填充_k3,MNAR,0.1,3,0.47603662659779766
04_KNN填充_k5,MNAR,0.1,3,0.4928545237997872
05_线性回归,MNAR,0.1,3,0.6222639575197767
06_岭回归,MNAR,0.1,3,0.6226970767933134
07_Lasso,MNAR,0.1,3,0.6444839612120883
08_ElasticNet,MNAR,0.1,3,0.6326368887256696
09_贝叶斯岭回归,MNAR,0.1,3,0.6306534889199087
10_决策树,MNAR,0.1,3,0.5687862574403757
11_随机森林,MNAR,0.1,3,0.4961138433626629
12_极端随机树,MNAR,0.1,3,0.4949447500807384
13_GradientBoosting,MNAR,0.1,3,0.561647688128781
14_AdaBoost,MNAR,0.1,3,0.5716146093927666
15_SVR_rbf,MNAR,0.1,3,0.5503879423922984
16_KNN回归_k3,MNAR,0.1,3,0.44363953410964335
17_KNN回归_k5,MNAR,0.1,3,0.4356373527835508
18_MLP神经网络,MNAR,0.1,3,0.5681552662895514
19_迭代插补_贝叶斯,MNAR,0.1,3,0.6415426405420545
20_迭代插补_随机树,MNAR,0.1,3,0.49177964004732994
01_均值填充,MNAR,0.1,4,0.725141646043543
02_中位数填充,MNAR,0.1,4,0.6993618705554324
03_KNN填充_k3,MNAR,0.1,4,0.5633445471424077
04_KNN填充_k5,MNAR,0.1,4,0.5531780627469076
05_线性回归,MNAR,0.1,4,0.6765039955041132
06_岭回归,MNAR,0.1,4,0.6773637849138886
07_Lasso,MNAR,0.1,4,0.7106703872504812
08_ElasticNet,MNAR,0.1,4,0.6934378470618346
09_贝叶斯岭回归,MNAR,0.1,4,0.6919103424782306
10_决策树,MNAR,0.1,4,0.43145016304495104
11_随机森林,MNAR,0.1,4,0.3826086022708029
12_极端随机树,MNAR,0.1,4,0.3828603783765684
13_GradientBoosting,MNAR,0.1,4,0.41974152537314235
14_AdaBoost,MNAR,0.1,4,0.48941717728491907
15_SVR_rbf,MNAR,0.1,4,0.6090672384205165
16_KNN回归_k3,MNAR,0.1,4,0.47139278131253687
17_KNN回归_k5,MNAR,0.1,4,0.4504146908850252
18_MLP神经网络,MNAR,0.1,4,0.61652175625921
19_迭代插补_贝叶斯,MNAR,0.1,4,0.6920400854383834
20_迭代插补_随机树,MNAR,0.1,4,0.4378252494235608
01_均值填充,MNAR,0.1,5,0.6956257378037412
02_中位数填充,MNAR,0.1,5,0.6702292473049876
03_KNN填充_k3,MNAR,0.1,5,0.5958972096012662
04_KNN填充_k5,MNAR,0.1,5,0.5924234053026819
05_线性回归,MNAR,0.1,5,0.6616729436044239
06_岭回归,MNAR,0.1,5,0.6623182903444819
07_Lasso,MNAR,0.1,5,0.6827011038237272
08_ElasticNet,MNAR,0.1,5,0.6718434431948835
09_贝叶斯岭回归,MNAR,0.1,5,0.6717979304001072
10_决策树,MNAR,0.1,5,0.5260568610898985
11_随机森林,MNAR,0.1,5,0.5729989604517093
12_极端随机树,MNAR,0.1,5,0.5403147954698403
13_GradientBoosting,MNAR,0.1,5,0.5670892716226901
14_AdaBoost,MNAR,0.1,5,0.5453132583920082
15_SVR_rbf,MNAR,0.1,5,0.6221780350221868
16_KNN回归_k3,MNAR,0.1,5,0.6539773070056727
17_KNN回归_k5,MNAR,0.1,5,0.5835007828502105
18_MLP神经网络,MNAR,0.1,5,0.6632531718041593
19_迭代插补_贝叶斯,MNAR,0.1,5,0.6678945364988005
20_迭代插补_随机树,MNAR,0.1,5,0.5705772994135051
01_均值填充,MNAR,0.2,1,0.6369871572227249
02_中位数填充,MNAR,0.2,1,0.6534595958144036
03_KNN填充_k3,MNAR,0.2,1,0.651733399204283
04_KNN填充_k5,MNAR,0.2,1,0.5810496380984328
05_线性回归,MNAR,0.2,1,0.5711994547110592
06_岭回归,MNAR,0.2,1,0.5723114812771622
07_Lasso,MNAR,0.2,1,0.6343994340348823
08_ElasticNet,MNAR,0.2,1,0.6012626367325676
09_贝叶斯岭回归,MNAR,0.2,1,0.6036878579645727
10_决策树,MNAR,0.2,1,0.45550674524927204
11_随机森林,MNAR,0.2,1,0.42437185366051516
12_极端随机树,MNAR,0.2,1,0.4999778561176476
13_GradientBoosting,MNAR,0.2,1,0.45668409454133513
14_AdaBoost,MNAR,0.2,1,0.4284274646812951
15_SVR_rbf,MNAR,0.2,1,0.5973269201305644
16_KNN回归_k3,MNAR,0.2,1,0.6451952790835598
17_KNN回归_k5,MNAR,0.2,1,0.6204970485014114
18_MLP神经网络,MNAR,0.2,1,0.5472071725413231
19_迭代插补_贝叶斯,MNAR,0.2,1,0.5866309673910247
20_迭代插补_随机树,MNAR,0.2,1,0.5229585047447087
01_均值填充,MNAR,0.2,2,0.7093898586071893
02_中位数填充,MNAR,0.2,2,0.7136955822978049
03_KNN填充_k3,MNAR,0.2,2,0.6049515159705732
04_KNN填充_k5,MNAR,0.2,2,0.634992315482977
05_线性回归,MNAR,0.2,2,0.6750626408513303
06_岭回归,MNAR,0.2,2,0.6756823376608201
07_Lasso,MNAR,0.2,2,0.6995945716741767
08_ElasticNet,MNAR,0.2,2,0.6830543221576547
09_贝叶斯岭回归,MNAR,0.2,2,0.6882846143016654
10_决策树,MNAR,0.2,2,0.6166546664739319
11_随机森林,MNAR,0.2,2,0.5640108410869166
12_极端随机树,MNAR,0.2,2,0.5358742628660697
13_GradientBoosting,MNAR,0.2,2,0.6182183787123712
14_AdaBoost,MNAR,0.2,2,0.5953040157350414
15_SVR_rbf,MNAR,0.2,2,0.6266244785053204
16_KNN回归_k3,MNAR,0.2,2,0.6153446439642819
17_KNN回归_k5,MNAR,0.2,2,0.5622912617727884
18_MLP神经网络,MNAR,0.2,2,0.6601280402583323
19_迭代插补_贝叶斯,MNAR,0.2,2,0.6734344117047226
20_迭代插补_随机树,MNAR,0.2,2,0.5618968111677017
01_均值填充,MNAR,0.2,3,0.5744118069743319
02_中位数填充,MNAR,0.2,3,0.5972404624293659
03_KNN填充_k3,MNAR,0.2,3,0.492047087800471
04_KNN填充_k5,MNAR,0.2,3,0.5166778801343298
05_线性回归,MNAR,0.2,3,0.5478247712942627
06_岭回归,MNAR,0.2,3,0.5478615133676917
07_Lasso,MNAR,0.2,3,0.55694063416454
08_ElasticNet,MNAR,0.2,3,0.5497520899220084
09_贝叶斯岭回归,MNAR,0.2,3,0.5501176358804819
10_决策树,MNAR,0.2,3,0.5581498161988061
11_随机森林,MNAR,0.2,3,0.47151329972444467
12_极端随机树,MNAR,0.2,3,0.4686461844718591
13_GradientBoosting,MNAR,0.2,3,0.5031156886570031
14_AdaBoost,MNAR,0.2,3,0.5443130871608411
15_SVR_rbf,MNAR,0.2,3,0.5479712698973573
16_KNN回归_k3,MNAR,0.2,3,0.5075529884333744
17_KNN回归_k5,MNAR,0.2,3,0.4711109205105567
18_MLP神经网络,MNAR,0.2,3,0.522696207446782
19_迭代插补_贝叶斯,MNAR,0.2,3,0.5546929121716425
20_迭代插补_随机树,MNAR,0.2,3,0.4742426518110922
01_均值填充,MNAR,0.2,4,0.7001013951077094
02_中位数填充,MNAR,0.2,4,0.7062852907050047
03_KNN填充_k3,MNAR,0.2,4,0.6779011506753142
04_KNN填充_k5,MNAR,0.2,4,0.5459874771527811
05_线性回归,MNAR,0.2,4,0.6640989198850056
06_岭回归,MNAR,0.2,4,0.6647494213175237
07_Lasso,MNAR,0.2,4,0.6875188703128348
08_ElasticNet,MNAR,0.2,4,0.6728381599738984
09_贝叶斯岭回归,MNAR,0.2,4,0.6756940821054772
10_决策树,MNAR,0.2,4,0.4816680135320686
11_随机森林,MNAR,0.2,4,0.48408940292504743
12_极端随机树,MNAR,0.2,4,0.4978063274068425
13_GradientBoosting,MNAR,0.2,4,0.504725993148607
14_AdaBoost,MNAR,0.2,4,0.47702040704500526
15_SVR_rbf,MNAR,0.2,4,0.6278118928591191
16_KNN回归_k3,MNAR,0.2,4,0.5414392942307209
17_KNN回归_k5,MNAR,0.2,4,0.6017011185377875
18_MLP神经网络,MNAR,0.2,4,0.6248021440848693
19_迭代插补_贝叶斯,MNAR,0.2,4,0.6699306638823086
20_迭代插补_随机树,MNAR,0.2,4,0.5172430087323312
01_均值填充,MNAR,0.2,5,0.760341644031708
02_中位数填充,MNAR,0.2,5,0.7565704169202063
03_KNN填充_k3,MNAR,0.2,5,0.6727959401380486
04_KNN填充_k5,MNAR,0.2,5,0.6160189940574365
05_线性回归,MNAR,0.2,5,0.7199920805247794
06_岭回归,MNAR,0.2,5,0.7207189778467568
07_Lasso,MNAR,0.2,5,0.7552607647550919
08_ElasticNet,MNAR,0.2,5,0.7327288357723085
09_贝叶斯岭回归,MNAR,0.2,5,0.7361132602253028
10_决策树,MNAR,0.2,5,0.5734136455774591
11_随机森林,MNAR,0.2,5,0.5567922058385977
12_极端随机树,MNAR,0.2,5,0.5605598293366427
13_GradientBoosting,MNAR,0.2,5,0.5547469346342053
14_AdaBoost,MNAR,0.2,5,0.6075944371461173
15_SVR_rbf,MNAR,0.2,5,0.682281803545739
16_KNN回归_k3,MNAR,0.2,5,0.6658119716929564
17_KNN回归_k5,MNAR,0.2,5,0.6532130007996452
18_MLP神经网络,MNAR,0.2,5,0.7462447818293673
19_迭代插补_贝叶斯,MNAR,0.2,5,0.718208952509323
20_迭代插补_随机树,MNAR,0.2,5,0.5444698700997025
01_均值填充,MNAR,0.3,1,0.6793026006812116
02_中位数填充,MNAR,0.3,1,0.6895068827995449
03_KNN填充_k3,MNAR,0.3,1,0.6154984828630423
04_KNN填充_k5,MNAR,0.3,1,0.5938531528167034
05_线性回归,MNAR,0.3,1,0.6344623257471386
06_岭回归,MNAR,0.3,1,0.6352392088814262
07_Lasso,MNAR,0.3,1,0.6766070355432232
08_ElasticNet,MNAR,0.3,1,0.6512286363170005
09_贝叶斯岭回归,MNAR,0.3,1,0.6549771021665961
10_决策树,MNAR,0.3,1,0.5075963285329079
11_随机森林,MNAR,0.3,1,0.4931498324380599
12_极端随机树,MNAR,0.3,1,0.5417858565277978
13_GradientBoosting,MNAR,0.3,1,0.5069070555430564
14_AdaBoost,MNAR,0.3,1,0.5191932066581599
15_SVR_rbf,MNAR,0.3,1,0.7110228333082996
16_KNN回归_k3,MNAR,0.3,1,0.6503116891435322
17_KNN回归_k5,MNAR,0.3,1,0.6645393900322477
18_MLP神经网络,MNAR,0.3,1,0.642261766753016
19_迭代插补_贝叶斯,MNAR,0.3,1,0.6382033021532434
20_迭代插补_随机树,MNAR,0.3,1,0.5415038206928122
01_均值填充,MNAR,0.3,2,0.6616647827468481
02_中位数填充,MNAR,0.3,2,0.6756227231282896
03_KNN填充_k3,MNAR,0.3,2,0.5829905394716001
04_KNN填充_k5,MNAR,0.3,2,0.6083526740224693
05_线性回归,MNAR,0.3,2,0.6419368551673699
06_岭回归,MNAR,0.3,2,0.6423610234297058
07_Lasso,MNAR,0.3,2,0.6463404519745148
08_ElasticNet,MNAR,0.3,2,0.642163814885281
09_贝叶斯岭回归,MNAR,0.3,2,0.6484719094000619
10_决策树,MNAR,0.3,2,0.6544145874963775
11_随机森林,MNAR,0.3,2,0.5766712381350297
12_极端随机树,MNAR,0.3,2,0.516966342423927
13_GradientBoosting,MNAR,0.3,2,0.5800730213073413
14_AdaBoost,MNAR,0.3,2,0.6083216948001173
15_SVR_rbf,MNAR,0.3,2,0.6358069587680846
16_KNN回归_k3,MNAR,0.3,2,0.5916071409082564
17_KNN回归_k5,MNAR,0.3,2,0.6074122963172987
18_MLP神经网络,MNAR,0.3,2,0.6268543243227909
19_迭代插补_贝叶斯,MNAR,0.3,2,0.6369527662096023
20_迭代插补_随机树,MNAR,0.3,2,0.49609198736968646
01_均值填充,MNAR,0.3,3,0.6803895924768025
02_中位数填充,MNAR,0.3,3,0.6909697448749048
03_KNN填充_k3,MNAR,0.3,3,0.5466563912075891
04_KNN填充_k5,MNAR,0.3,3,0.5350289030849495
05_线性回归,MNAR,0.3,3,0.6501242640551923
06_岭回归,MNAR,0.3,3,0.6506042026017174
07_Lasso,MNAR,0.3,3,0.6779386190630412
08_ElasticNet,MNAR,0.3,3,0.664299283805027
09_贝叶斯岭回归,MNAR,0.3,3,0.6612681227486291
10_决策树,MNAR,0.3,3,0.5356023295818826
11_随机森林,MNAR,0.3,3,0.4871032494387136
12_极端随机树,MNAR,0.3,3,0.46192068341344633
13_GradientBoosting,MNAR,0.3,3,0.4761681963812553
14_AdaBoost,MNAR,0.3,3,0.5481540719399435
15_SVR_rbf,MNAR,0.3,3,0.6356446870018981
16_KNN回归_k3,MNAR,0.3,3,0.5558988337025565
17_KNN回归_k5,MNAR,0.3,3,0.562751172095663
18_MLP神经网络,MNAR,0.3,3,0.5927518822067692
19_迭代插补_贝叶斯,MNAR,0.3,3,0.6439998424071922
20_迭代插补_随机树,MNAR,0.3,3,0.46577425327041994
01_均值填充,MNAR,0.3,4,0.6940208788066543
02_中位数填充,MNAR,0.3,4,0.701070136541204
03_KNN填充_k3,MNAR,0.3,4,0.6150131407000917
04_KNN填充_k5,MNAR,0.3,4,0.5409896786568104
05_线性回归,MNAR,0.3,4,0.6605191321513036
06_岭回归,MNAR,0.3,4,0.6612218301357663
07_Lasso,MNAR,0.3,4,0.684727343109674
08_ElasticNet,MNAR,0.3,4,0.6696952221875965
09_贝叶斯岭回归,MNAR,0.3,4,0.6736226788144958
10_决策树,MNAR,0.3,4,0.48915825803622487
11_随机森林,MNAR,0.3,4,0.49744627818740933
12_极端随机树,MNAR,0.3,4,0.49551029936262125
13_GradientBoosting,MNAR,0.3,4,0.5168494091674105
14_AdaBoost,MNAR,0.3,4,0.5666292059018143
15_SVR_rbf,MNAR,0.3,4,0.6473170038993072
16_KNN回归_k3,MNAR,0.3,4,0.56755101858045
17_KNN回归_k5,MNAR,0.3,4,0.6169049748315767
18_MLP神经网络,MNAR,0.3,4,0.6423521357414258
19_迭代插补_贝叶斯,MNAR,0.3,4,0.6565534532563376
20_迭代插补_随机树,MNAR,0.3,4,0.4878081268915624
01_均值填充,MNAR,0.3,5,0.7001696535014054
02_中位数填充,MNAR,0.3,5,0.7066484247949343
03_KNN填充_k3,MNAR,0.3,5,0.6218439163016038
04_KNN填充_k5,MNAR,0.3,5,0.5953875979020985
05_线性回归,MNAR,0.3,5,0.677657788423509
06_岭回归,MNAR,0.3,5,0.6780463126625876
07_Lasso,MNAR,0.3,5,0.6943298637494222
08_ElasticNet,MNAR,0.3,5,0.6848937877449712
09_贝叶斯岭回归,MNAR,0.3,5,0.6848642445005392
10_决策树,MNAR,0.3,5,0.6518658128448791
11_随机森林,MNAR,0.3,5,0.5798163060682701
12_极端随机树,MNAR,0.3,5,0.5370095995028579
13_GradientBoosting,MNAR,0.3,5,0.5891510806757813
14_AdaBoost,MNAR,0.3,5,0.5998167876517629
15_SVR_rbf,MNAR,0.3,5,0.6319591155397379
16_KNN回归_k3,MNAR,0.3,5,0.6165290079376954
17_KNN回归_k5,MNAR,0.3,5,0.6056752565647876
18_MLP神经网络,MNAR,0.3,5,0.7048981573296369
19_迭代插补_贝叶斯,MNAR,0.3,5,0.662634063503106
20_迭代插补_随机树,MNAR,0.3,5,0.5289270109384165
01_均值填充,MNAR,0.4,1,0.8219504941026499
02_中位数填充,MNAR,0.4,1,0.8369825741885348
03_KNN填充_k3,MNAR,0.4,1,0.8484870368930504
04_KNN填充_k5,MNAR,0.4,1,0.9001114702470215
05_线性回归,MNAR,0.4,1,0.9239434106649541
06_岭回归,MNAR,0.4,1,0.9154670649333785
07_Lasso,MNAR,0.4,1,0.8269772663176255
08_ElasticNet,MNAR,0.4,1,0.8366840225071754
09_贝叶斯岭回归,MNAR,0.4,1,0.8955823996235813
10_决策树,MNAR,0.4,1,0.8711182889238119
11_随机森林,MNAR,0.4,1,0.853261033638365
12_极端随机树,MNAR,0.4,1,0.8595327545924671
13_GradientBoosting,MNAR,0.4,1,0.885618754399379
14_AdaBoost,MNAR,0.4,1,0.8793215204520177
15_SVR_rbf,MNAR,0.4,1,0.8487069348269912
16_KNN回归_k3,MNAR,0.4,1,0.8951218319181723
17_KNN回归_k5,MNAR,0.4,1,0.8908504815299251
18_MLP神经网络,MNAR,0.4,1,0.8384111255137449
19_迭代插补_贝叶斯,MNAR,0.4,1,0.9143430434855467
20_迭代插补_随机树,MNAR,0.4,1,0.8398646115001553
01_均值填充,MNAR,0.4,2,0.8219504941026499
02_中位数填充,MNAR,0.4,2,0.8369825741885348
03_KNN填充_k3,MNAR,0.4,2,0.8484870368930504
04_KNN填充_k5,MNAR,0.4,2,0.9001114702470215
05_线性回归,MNAR,0.4,2,0.9239434106649541
06_岭回归,MNAR,0.4,2,0.9154670649333785
07_Lasso,MNAR,0.4,2,0.8269772663176255
08_ElasticNet,MNAR,0.4,2,0.8366840225071754
09_贝叶斯岭回归,MNAR,0.4,2,0.8955823996235813
10_决策树,MNAR,0.4,2,0.8711182889238119
11_随机森林,MNAR,0.4,2,0.853261033638365
12_极端随机树,MNAR,0.4,2,0.8595327545924674
13_GradientBoosting,MNAR,0.4,2,0.885618754399379
14_AdaBoost,MNAR,0.4,2,0.8793215204520177
15_SVR_rbf,MNAR,0.4,2,0.8487069348269912
16_KNN回归_k3,MNAR,0.4,2,0.8951218319181723
17_KNN回归_k5,MNAR,0.4,2,0.8908504815299251
18_MLP神经网络,MNAR,0.4,2,0.8384111255137449
19_迭代插补_贝叶斯,MNAR,0.4,2,0.9143430434855467
20_迭代插补_随机树,MNAR,0.4,2,0.8398646115001553
01_均值填充,MNAR,0.4,3,0.8219504941026499
02_中位数填充,MNAR,0.4,3,0.8369825741885348
03_KNN填充_k3,MNAR,0.4,3,0.8484870368930504
04_KNN填充_k5,MNAR,0.4,3,0.9001114702470215
05_线性回归,MNAR,0.4,3,0.9239434106649541
06_岭回归,MNAR,0.4,3,0.9154670649333785
07_Lasso,MNAR,0.4,3,0.8269772663176255
08_ElasticNet,MNAR,0.4,3,0.8366840225071754
09_贝叶斯岭回归,MNAR,0.4,3,0.8955823996235813
10_决策树,MNAR,0.4,3,0.8711182889238119
11_随机森林,MNAR,0.4,3,0.853261033638365
12_极端随机树,MNAR,0.4,3,0.8595327545924671
13_GradientBoosting,MNAR,0.4,3,0.885618754399379
14_AdaBoost,MNAR,0.4,3,0.8793215204520177
15_SVR_rbf,MNAR,0.4,3,0.8487069348269912
16_KNN回归_k3,MNAR,0.4,3,0.8951218319181723
17_KNN回归_k5,MNAR,0.4,3,0.8908504815299251
18_MLP神经网络,MNAR,0.4,3,0.8384111255137449
19_迭代插补_贝叶斯,MNAR,0.4,3,0.9143430434855467
20_迭代插补_随机树,MNAR,0.4,3,0.8398646115001553
01_均值填充,MNAR,0.4,4,0.8219504941026499
02_中位数填充,MNAR,0.4,4,0.8369825741885348
03_KNN填充_k3,MNAR,0.4,4,0.8484870368930504
04_KNN填充_k5,MNAR,0.4,4,0.9001114702470215
05_线性回归,MNAR,0.4,4,0.9239434106649541
06_岭回归,MNAR,0.4,4,0.9154670649333785
07_Lasso,MNAR,0.4,4,0.8269772663176255
08_ElasticNet,MNAR,0.4,4,0.8366840225071754
09_贝叶斯岭回归,MNAR,0.4,4,0.8955823996235813
10_决策树,MNAR,0.4,4,0.8711182889238119
11_随机森林,MNAR,0.4,4,0.8532610336383651
12_极端随机树,MNAR,0.4,4,0.8595327545924671
13_GradientBoosting,MNAR,0.4,4,0.885618754399379
14_AdaBoost,MNAR,0.4,4,0.8793215204520177
15_SVR_rbf,MNAR,0.4,4,0.8487069348269912
16_KNN回归_k3,MNAR,0.4,4,0.8951218319181723
17_KNN回归_k5,MNAR,0.4,4,0.8908504815299251
18_MLP神经网络,MNAR,0.4,4,0.8384111255137449
19_迭代插补_贝叶斯,MNAR,0.4,4,0.9143430434855467
20_迭代插补_随机树,MNAR,0.4,4,0.8398646115001553
01_均值填充,MNAR,0.4,5,0.8219504941026499
02_中位数填充,MNAR,0.4,5,0.8369825741885348
03_KNN填充_k3,MNAR,0.4,5,0.8484870368930504
04_KNN填充_k5,MNAR,0.4,5,0.9001114702470215
05_线性回归,MNAR,0.4,5,0.9239434106649541
06_岭回归,MNAR,0.4,5,0.9154670649333785
07_Lasso,MNAR,0.4,5,0.8269772663176255
08_ElasticNet,MNAR,0.4,5,0.8366840225071754
09_贝叶斯岭回归,MNAR,0.4,5,0.8955823996235813
10_决策树,MNAR,0.4,5,0.8711182889238119
11_随机森林,MNAR,0.4,5,0.8532610336383651
12_极端随机树,MNAR,0.4,5,0.8595327545924673
13_GradientBoosting,MNAR,0.4,5,0.885618754399379
14_AdaBoost,MNAR,0.4,5,0.8793215204520177
15_SVR_rbf,MNAR,0.4,5,0.8487069348269912
16_KNN回归_k3,MNAR,0.4,5,0.8951218319181723
17_KNN回归_k5,MNAR,0.4,5,0.8908504815299251
18_MLP神经网络,MNAR,0.4,5,0.8384111255137449
19_迭代插补_贝叶斯,MNAR,0.4,5,0.9143430434855467
20_迭代插补_随机树,MNAR,0.4,5,0.8398646115001553
01_均值填充,MNAR,0.5,1,0.7705609020460583
02_中位数填充,MNAR,0.5,1,0.7850084291321394
03_KNN填充_k3,MNAR,0.5,1,0.8687863161730853
04_KNN填充_k5,MNAR,0.5,1,0.8750517582067687
05_线性回归,MNAR,0.5,1,0.8684253702707713
06_岭回归,MNAR,0.5,1,0.8586470283310849
07_Lasso,MNAR,0.5,1,0.7715417238912011
08_ElasticNet,MNAR,0.5,1,0.7809781833030448
09_贝叶斯岭回归,MNAR,0.5,1,0.8412728073697312
10_决策树,MNAR,0.5,1,0.9095282814169295
11_随机森林,MNAR,0.5,1,0.8651297152642032
12_极端随机树,MNAR,0.5,1,0.8753299860071091
13_GradientBoosting,MNAR,0.5,1,0.8284841977350201
14_AdaBoost,MNAR,0.5,1,0.8430694573369693
15_SVR_rbf,MNAR,0.5,1,0.876524089894615
16_KNN回归_k3,MNAR,0.5,1,0.8695628275013307
17_KNN回归_k5,MNAR,0.5,1,0.8390691850934281
18_MLP神经网络,MNAR,0.5,1,0.8136360247908556
19_迭代插补_贝叶斯,MNAR,0.5,1,0.8635417999010913
20_迭代插补_随机树,MNAR,0.5,1,0.881412924177166
01_均值填充,MNAR,0.5,2,0.7507215565160373
02_中位数填充,MNAR,0.5,2,0.7597430309633071
03_KNN填充_k3,MNAR,0.5,2,0.8398175170004946
04_KNN填充_k5,MNAR,0.5,2,0.8413070259247077
05_线性回归,MNAR,0.5,2,0.8477029882422036
06_岭回归,MNAR,0.5,2,0.8376686493446204
07_Lasso,MNAR,0.5,2,0.754257482033427
08_ElasticNet,MNAR,0.5,2,0.7627926390977063
09_贝叶斯岭回归,MNAR,0.5,2,0.8157336881307936
10_决策树,MNAR,0.5,2,0.7485085742632207
11_随机森林,MNAR,0.5,2,0.7955827386775777
12_极端随机树,MNAR,0.5,2,0.8424721825654348
13_GradientBoosting,MNAR,0.5,2,0.8029986478480127
14_AdaBoost,MNAR,0.5,2,0.8315251144110727
15_SVR_rbf,MNAR,0.5,2,0.8637069696745934
16_KNN回归_k3,MNAR,0.5,2,0.834055565190826
17_KNN回归_k5,MNAR,0.5,2,0.8287913119554122
18_MLP神经网络,MNAR,0.5,2,0.7801279757163005
19_迭代插补_贝叶斯,MNAR,0.5,2,0.8371628905996753
20_迭代插补_随机树,MNAR,0.5,2,0.8423681550918619
01_均值填充,MNAR,0.5,3,0.7595675666306152
02_中位数填充,MNAR,0.5,3,0.7723863343533373
03_KNN填充_k3,MNAR,0.5,3,0.7814106080347096
04_KNN填充_k5,MNAR,0.5,3,0.818349230134008
05_线性回归,MNAR,0.5,3,0.8452091285684025
06_岭回归,MNAR,0.5,3,0.8367825866335361
07_Lasso,MNAR,0.5,3,0.7571510160512864
08_ElasticNet,MNAR,0.5,3,0.7649571364948808
09_贝叶斯岭回归,MNAR,0.5,3,0.8144300727297856
10_决策树,MNAR,0.5,3,0.8437339724108058
11_随机森林,MNAR,0.5,3,0.8008253845991196
12_极端随机树,MNAR,0.5,3,0.780865261906069
13_GradientBoosting,MNAR,0.5,3,0.8165758999098468
14_AdaBoost,MNAR,0.5,3,0.8262570642501624
15_SVR_rbf,MNAR,0.5,3,0.78233911096701
16_KNN回归_k3,MNAR,0.5,3,0.8144225301278468
17_KNN回归_k5,MNAR,0.5,3,0.8103801153057175
18_MLP神经网络,MNAR,0.5,3,0.7691526458283533
19_迭代插补_贝叶斯,MNAR,0.5,3,0.8327539345616373
20_迭代插补_随机树,MNAR,0.5,3,0.8108040371315594
01_均值填充,MNAR,0.5,4,0.7650382832307128
02_中位数填充,MNAR,0.5,4,0.7716135738837758
03_KNN填充_k3,MNAR,0.5,4,0.8092128315805702
04_KNN填充_k5,MNAR,0.5,4,0.8445215763327922
05_线性回归,MNAR,0.5,4,0.8761595704135611
06_岭回归,MNAR,0.5,4,0.86446936929526
07_Lasso,MNAR,0.5,4,0.7754627517316172
08_ElasticNet,MNAR,0.5,4,0.7841874575119993
09_贝叶斯岭回归,MNAR,0.5,4,0.8440808022745693
10_决策树,MNAR,0.5,4,0.9013147380473309
11_随机森林,MNAR,0.5,4,0.8091255286999126
12_极端随机树,MNAR,0.5,4,0.8112175715314851
13_GradientBoosting,MNAR,0.5,4,0.8499980321048153
14_AdaBoost,MNAR,0.5,4,0.8513862634277392
15_SVR_rbf,MNAR,0.5,4,0.8027388011090827
16_KNN回归_k3,MNAR,0.5,4,0.8402977658638244
17_KNN回归_k5,MNAR,0.5,4,0.8350509756672297
18_MLP神经网络,MNAR,0.5,4,0.806022800877017
19_迭代插补_贝叶斯,MNAR,0.5,4,0.866289017284969
20_迭代插补_随机树,MNAR,0.5,4,0.8084632817980805
01_均值填充,MNAR,0.5,5,0.7620310679884266
02_中位数填充,MNAR,0.5,5,0.7713963700463803
03_KNN填充_k3,MNAR,0.5,5,0.8027147134595192
04_KNN填充_k5,MNAR,0.5,5,0.848373243522611
05_线性回归,MNAR,0.5,5,0.8583410606920989
06_岭回归,MNAR,0.5,5,0.8497944586334043
07_Lasso,MNAR,0.5,5,0.7711032558167564
08_ElasticNet,MNAR,0.5,5,0.7797805714543815
09_贝叶斯岭回归,MNAR,0.5,5,0.8338882989924843
10_决策树,MNAR,0.5,5,0.8004411241810364
11_随机森林,MNAR,0.5,5,0.8138151961959448
12_极端随机树,MNAR,0.5,5,0.7984343229762653
13_GradientBoosting,MNAR,0.5,5,0.8438696153080565
14_AdaBoost,MNAR,0.5,5,0.8309883593066418
15_SVR_rbf,MNAR,0.5,5,0.8191419862572903
16_KNN回归_k3,MNAR,0.5,5,0.844589327776889
17_KNN回归_k5,MNAR,0.5,5,0.8366655631018253
18_MLP神经网络,MNAR,0.5,5,0.7787485793716473
19_迭代插补_贝叶斯,MNAR,0.5,5,0.8488279997535366
20_迭代插补_随机树,MNAR,0.5,5,0.8022356211144839
